,model,key,name,time_stamp,COMMAND WORD.value,COMMAND WORD.unMis,ALARM BIT MASK WORD 1.value,ALARM BIT MASK WORD 1.unMis,ALARM BIT MASK WORD 2.value,ALARM BIT MASK WORD 2.unMis,ALARM BIT MASK WORD 4.value,ALARM BIT MASK WORD 4.unMis,ALARM BIT MASK WORD 3.value,ALARM BIT MASK WORD 3.unMis,PLC SW version.value,PLC SW version.unMis,HMI SW version.value,HMI SW version.unMis,Battery charger SW version.value,Battery charger SW version.unMis,Prestretch SW version.value,Prestretch SW version.unMis,Film weight setup.value,Film weight setup.unMis,Alarm state time.value,Alarm state time.unMis,Stand-by time.value,Stand-by time.unMis,I max rotation motor.value,I max rotation motor.unMis,I max stretch motor.value,I max stretch motor.unMis,I max prestretch motor.value,I max prestretch motor.unMis,I max motor 5.value,I max motor 5.unMis,I max motor 6.value,I max motor 6.unMis,FREE.value,FREE.unMis,T max rotation drive.value,T max rotation drive.unMis,T max lifting drive.value,T max lifting drive.unMis,T max stretch drive.value,T max stretch drive.unMis,T max motor 5.value,T max motor 5.unMis,T max motor 6.value,T max motor 6.unMis,V min (STOP).value,V min (STOP).unMis,V min (RUN).value,V min (RUN).unMis,Film Consumption.value,Film Consumption.unMis,Communication frequency.value,Communication frequency.unMis,Alarm code.value,Alarm code.unMis,Recharges counter.value,Recharges counter.unMis,Positive ending recharges.value,Positive ending recharges.unMis,Deep discharges counter.value,Deep discharges counter.unMis,Battery charger over-temperature events.value,Battery charger over-temperature events.unMis,Timeout recharges counter.value,Timeout recharges counter.unMis,Last charging curve.value,Last charging curve.unMis,Last recharge amount.value,Last recharge amount.unMis,Last charging time.value,Last charging time.unMis,Last charging error code.value,Last charging error code.unMis,Recharge delay (min).value,Recharge delay (min).unMis,P1 - carriage type.value,P1 - carriage type.unMis,P2 - cut enable.value,P2 - cut enable.unMis,P3 - broken film enable.value,P3 - broken film enable.unMis,P4 - corner counter enable.value,P4 - corner counter enable.unMis,P5 - beeper enable.value,P5 - beeper enable.unMis,P6 - steering alarm enable.value,P6 - steering alarm enable.unMis,P7 - max volt to clutch.value,P7 - max volt to clutch.unMis,P8 - clutch on delay.value,P8 - clutch on delay.unMis,P9 - tail length.value,P9 - tail length.unMis,P10 - force to load during cut.value,P10 - force to load during cut.unMis,Film adjustment - Kp master LSW.value,Film adjustment - Kp master LSW.unMis,Film adjustment - Kp master MSW.value,Film adjustment - Kp master MSW.unMis,Film adjustment - Ki master LSW.value,Film adjustment - Ki master LSW.unMis,Film adjustment - Ki master MSW.value,Film adjustment - Ki master MSW.unMis,Film adjustment - Kd master LSW.value,Film adjustment - Kd master LSW.unMis,Film adjustment - Kd master MSW.value,Film adjustment - Kd master MSW.unMis,Film adjustment - Kp slave LSW.value,Film adjustment - Kp slave LSW.unMis,Film adjustment - Kp slave MSW.value,Film adjustment - Kp slave MSW.unMis,Film adjustment - Ki slave LSW.value,Film adjustment - Ki slave LSW.unMis,Film adjustment - Ki slave MSW.value,Film adjustment - Ki slave MSW.unMis,Film adjustment - Kd slave LSW.value,Film adjustment - Kd slave LSW.unMis,Film adjustment - Kd slave MSW.value,Film adjustment - Kd slave MSW.unMis,P17.value,P17.unMis,P18 - V batt min.value,P18 - V batt min.unMis,P19 - prestretch PDS.value,P19 - prestretch PDS.unMis,P20 - BC Modbus enable.value,P20 - BC Modbus enable.unMis,P21.value,P21.unMis,P22 - Display USA enable.value,P22 - Display USA enable.unMis,P23 - Power off timer.value,P23 - Power off timer.unMis,P24 - Topsheet displacement.value,P24 - Topsheet displacement.unMis,P25 - MLC enable.value,P25 - MLC enable.unMis,P26 - autolamp enable.value,P26 - autolamp enable.unMis,P27 - roping enable.value,P27 - roping enable.unMis,P28 - roping max stroke.value,P28 - roping max stroke.unMis,P29 - Photocell filter.value,P29 - Photocell filter.unMis,P30 - roping fine tuning.value,P30 - roping fine tuning.unMis,P37.value,P37.unMis,P38.value,P38.unMis,P39.value,P39.unMis,R-connect SW version.value,R-connect SW version.unMis,P40.value,P40.unMis,Bumper emergency events.value,Bumper emergency events.unMis,E-stop button events.value,E-stop button events.unMis,Broken film events.value,Broken film events.unMis,Aggregate height.value,Aggregate height.unMis,Total wraps.value,Total wraps.unMis,Processing time (RUN).value,Processing time (RUN).unMis,Number of products.value,Number of products.unMis,DOWNWARD TENSION.value,DOWNWARD TENSION.unMis,BOTTOM LEVEL TENSION.value,BOTTOM LEVEL TENSION.unMis,TOP LEVEL TENSION.value,TOP LEVEL TENSION.unMis,PRESTRETCH.value,PRESTRETCH.unMis,UPWARD TENSION.value,UPWARD TENSION.unMis,R-connect Power.value,R-connect Power.unMis,R-connect Battery.value,R-connect Battery.unMis,R-connect Signal.value,R-connect Signal.unMis,T max prestretch drive.value,T max prestretch drive.unMis,I max lifting motor.value,I max lifting motor.unMis,ws_lat.value,ws_lat.unMis,ws_lon.value,ws_lon.unMis,MOTOR1 OVER CURRENT ALARM.value,MOTOR1 OVER CURRENT ALARM.unMis,MOTOR1 DRIVER ALARM.value,MOTOR1 DRIVER ALARM.unMis,MOTOR1 OVER CURRENT I2T ALARM.value,MOTOR1 OVER CURRENT I2T ALARM.unMis,MOTOR2 OVER CURRENT I2T ALARM.value,MOTOR2 OVER CURRENT I2T ALARM.unMis,MOTOR2 DRIVER ALARM.value,MOTOR2 DRIVER ALARM.unMis,MOTOR3/4 OVER CURRENT ALARM.value,MOTOR3/4 OVER CURRENT ALARM.unMis,MOTOR3/4 DRIVER ALARM.value,MOTOR3/4 DRIVER ALARM.unMis,ROPING DEVICE MOTOR ALARM.value,ROPING DEVICE MOTOR ALARM.unMis,ROPING DEVICE VOLTAGE ALARM.value,ROPING DEVICE VOLTAGE ALARM.unMis,CORNER COUNTER FAULT.value,CORNER COUNTER FAULT.unMis,MOTOR2 OVER CURRENT ALARM.value,MOTOR2 OVER CURRENT ALARM.unMis,CARRIAGE BLOCKED.value,CARRIAGE BLOCKED.unMis,PARAMETERS WRONG CHECKSUM.value,PARAMETERS WRONG CHECKSUM.unMis,COMMUNICATION HMI.value,COMMUNICATION HMI.unMis,COMMUNICATION PRESTRETCH.value,COMMUNICATION PRESTRETCH.unMis,COMMUNICATION ROPING DEVICE.value,COMMUNICATION ROPING DEVICE.unMis
0,Robot S6,b2a6fc98bdd452c583365dc6cdf65fcc,30189367_ROBOT_S6.1_PVS_USA,2022-05-06 17:31:34,1,,0,,0,,0,,0,,1033,,1031,,2405,,5020,,33,g/5m,4,h,80,h,5,A,1,A,9,A,0,,0,,0,,1765,°C,1856,°C,1774,°C,0,,0,,231,V,223,V,104215,m,1,,0,,31,,16,,0,,0,,0,,8,,1472,Ah,9,hours,0,,0,,5,,1,,1,,1,,1,,1,,70,,15,,68,,80,,30000,,0,,440,,0,,30000,,0,,9000,,0,,200,,0,,30000,,0,,0,,2350,,2,,1,,0,,1,,60,,20,,1,,1,,0,,210,,2,,10,,0,,0,,0,,302,,0,,13,,25,,84,,733,m,0,,20,h,449,,45,,45,,45,,340,,45,,1,,1,,-92.0,dBm,1716,°C,35,A,41.531,,-87.518,,0,,0,,0,,0,,0,,0,,0,,0,,0,,0,,0,,0,,0,,0,,0,,0,
1,Robot S6,b2a6fc98bdd452c583365dc6cdf65fcc,30189367_ROBOT_S6.1_PVS_USA,2022-05-09 12:44:28,1,,0,,0,,0,,0,,1033,,1031,,2405,,5020,,33,g/5m,4,h,80,h,6028,A,409,A,42,A,0,,0,,0,,1737,°C,1704,°C,1669,°C,0,,0,,231,V,223,V,104215,m,1,,0,,32,,16,,0,,0,,0,,8,,8759,Ah,111,hours,64,,0,,5,,1,,1,,1,,1,,1,,70,,15,,68,,80,,30000,,0,,440,,0,,30000,,0,,9000,,0,,200,,0,,30000,,0,,0,,2350,,2,,1,,0,,1,,60,,20,,1,,1,,0,,210,,2,,10,,0,,0,,0,,302,,0,,13,,25,,84,,733,m,0,,20,h,449,,45,,45,,45,,340,,45,,1,,1,,,,1690,°C,72,A,41.531,,-87.518,,0,,0,,0,,0,,0,,0,,0,,0,,0,,0,,0,,0,,0,,0,,0,,0,
0,Robot S6,5623efd1a51643aea4c6bcfd359b3591,30189368_ROBOT_S6.1_PVS_USA,2022-04-26 15:17:51,1,,0,,0,,0,,0,,1033,,1031,,2405,,5020,,33,g/5m,14,h,259,h,11446,A,395,A,50,A,0,,0,,0,,2242,°C,2106,°C,2063,°C,0,,0,,237,V,220,V,739625,m,1,,0,,117,,44,,0,,0,,0,,8,,3859,Ah,74,hours,64,,0,,5,,1,,1,,1,,1,,1,,70,,15,,70,,80,,30000,,0,,440,,0,,30000,,0,,9000,,0,,200,,0,,30000,,0,,0,,2350,,2,,1,,0,,1,,60,,20,,1,,1,,0,,210,,2,,10,,0,,0,,0,,302,,0,,144,,25,,275,,4276,m,0,,129,h,2521,,40,,40,,40,,250,,40,,1,,1,,,,2089,°C,86,A,32.744,,-96.994,,0,,0,,0,,0,,0,,0,,0,,0,,0,,0,,0,,0,,0,,0,,0,,0,
1,Robot S6,5623efd1a51643aea4c6bcfd359b3591,30189368_ROBOT_S6.1_PVS_USA,2022-04-26 15:25:22,1,,0,,0,,0,,0,,1033,,1031,,2405,,5020,,33,g/5m,14,h,260,h,14578,A,10254,A,1916,A,0,,0,,0,,2791,°C,2307,°C,2351,°C,0,,0,,237,V,220,V,739906,m,1,,0,,117,,44,,0,,0,,0,,8,,3859,Ah,74,hours,64,,0,,5,,1,,1,,1,,1,,1,,70,,15,,70,,80,,30000,,0,,440,,0,,30000,,0,,9000,,0,,200,,0,,30000,,0,,0,,2350,,2,,1,,0,,1,,60,,20,,1,,1,,0,,210,,2,,10,,0,,0,,0,,302,,0,,144,,25,,275,,4277,m,18,,129,h,2522,,40,,40,,40,,250,,40,,1,,1,,-88.0,dBm,2222,°C,7361,A,32.744,,-96.994,,0,,0,,0,,0,,0,,0,,0,,0,,0,,0,,0,,0,,0,,0,,0,,0,
2,Robot S6,5623efd1a51643aea4c6bcfd359b3591,30189368_ROBOT_S6.1_PVS_USA,2022-04-26 15:29:00,1,,0,,0,,0,,0,,1033,,1031,,2405,,5020,,33,g/5m,14,h,260,h,15274,A,10521,A,1916,A,0,,0,,0,,3040,°C,2423,°C,2535,°C,0,,0,,237,V,220,V,740166,m,1,,0,,117,,44,,0,,0,,0,,8,,3859,Ah,74,hours,64,,0,,5,,1,,1,,1,,1,,1,,70,,15,,70,,80,,30000,,0,,440,,0,,30000,,0,,9000,,0,,200,,0,,30000,,0,,0,,2350,,2,,1,,0,,1,,60,,20,,1,,1,,0,,210,,2,,10,,0,,0,,0,,302,,0,,144,,25,,275,,4279,m,17,,129,h,2523,,40,,40,,40,,250,,40,,1,,1,,-88.0,dBm,2304,°C,7361,A,32.744,,-96.994,,0,,0,,0,,0,,0,,0,,0,,0,,0,,0,,0,,0,,0,,0,,0,,0,
3,Robot S6,5623efd1a51643aea4c6bcfd359b3591,30189368_ROBOT_S6.1_PVS_USA,2022-04-26 15:33:23,1,,0,,0,,0,,0,,1033,,1031,,2405,,5020,,33,g/5m,14,h,260,h,15274,A,12423,A,2592,A,0,,0,,0,,3246,°C,2545,°C,2695,°C,0,,0,,237,V,220,V,740429,m,1,,0,,117,,44,,0,,0,,0,,8,,3859,Ah,74,hours,64,,0,,5,,1,,1,,1,,1,,1,,70,,15,,70,,80,,30000,,0,,440,,0,,30000,,0,,9000,,0,,200,,0,,30000,,0,,0,,2350,,2,,1,,0,,1,,60,,20,,1,,1,,0,,210,,2,,10,,0,,0,,0,,302,,0,,144,,25,,275,,4280,m,17,,129,h,2524,,40,,40,,40,,250,,40,,1,,1,,-90.0,dBm,2387,°C,7361,A,32.744,,-96.994,,0,,0,,0,,0,,0,,0,,0,,0,,0,,0,,0,,0,,0,,0,,0,,0,
4,Robot S6,5623efd1a51643aea4c6bcfd359b3591,30189368_ROBOT_S6.1_PVS_USA,2022-04-26 15:38:33,1,,0,,0,,0,,0,,1033,,1031,,2405,,5020,,33,g/5m,14,h,260,h,15671,A,12423,A,2592,A,0,,0,,0,,3395,°C,2671,°C,2833,°C,0,,0,,237,V,220,V,740705,m,1,,0,,117,,44,,0,,0,,0,,8,,3859,Ah,74,hours,64,,0,,5,,1,,1,,1,,1,,1,,70,,15,,70,,80,,30000,,0,,440,,0,,30000,,0,,9000,,0,,200,,0,,30000,,0,,0,,2350,,2,,1,,0,,1,,60,,20,,1,,1,,0,,210,,2,,10,,0,,0,,0,,302,,0,,144,,25,,275,,4282,m,18,,129,h,2525,,40,,40,,40,,250,,40,,1,,1,,-86.0,dBm,2475,°C,7361,A,32.744,,-96.994,,0,,0,,0,,0,,0,,0,,0,,0,,0,,0,,0,,0,,0,,0,,0,,0,
5,Robot S6,5623efd1a51643aea4c6bcfd359b3591,30189368_ROBOT_S6.1_PVS_USA,2022-04-26 15:42:16,1,,0,,0,,0,,0,,1033,,1031,,2405,,5020,,33,g/5m,14,h,260,h,15823,A,12423,A,2592,A,0,,0,,0,,3522,°C,2778,°C,2986,°C,0,,0,,237,V,220,V,740969,m,1,,0,,117,,44,,0,,0,,0,,8,,3859,Ah,74,hours,64,,0,,5,,1,,1,,1,,1,,1,,70,,15,,70,,80,,30000,,0,,440,,0,,30000,,0,,9000,,0,,200,,0,,30000,,0,,0,,2350,,2,,1,,0,,1,,60,,20,,1,,1,,0,,210,,2,,10,,0,,0,,0,,302,,0,,144,,25,,275,,4283,m,17,,129,h,2526,,40,,40,,40,,250,,40,,1,,1,,-90.0,dBm,2545,°C,7361,A,32.744,,-96.994,,0,,0,,0,,0,,0,,0,,0,,0,,0,,0,,0,,0,,0,,0,,0,,0,
6,Robot S6,5623efd1a51643aea4c6bcfd359b3591,30189368_ROBOT_S6.1_PVS_USA,2022-04-26 15:46:00,1,,0,,0,,0,,0,,1033,,1031,,2405,,5020,,33,g/5m,14,h,260,h,15823,A,12678,A,2592,A,0,,0,,0,,3631,°C,2872,°C,3064,°C,0,,0,,237,V,220,V,741234,m,1,,0,,117,,44,,0,,0,,0,,8,,3859,Ah,74,hours,64,,0,,5,,1,,1,,1,,1,,1,,70,,15,,70,,80,,30000,,0,,440,,0,,30000,,0,,9000,,0,,200,,0,,30000,,0,,0,,2350,,2,,1,,0,,1,,60,,20,,1,,1,,0,,210,,2,,10,,0,,0,,0,,302,,0,,144,,25,,275,,4285,m,17,,129,h,2527,,40,,40,,40,,250,,40,,1,,1,,-88.0,dBm,2605,°C,7361,A,32.744,,-96.994,,0,,0,,0,,0,,0,,0,,0,,0,,0,,0,,0,,0,,0,,0,,0,,0,
7,Robot S6,5623efd1a51643aea4c6bcfd359b3591,30189368_ROBOT_S6.1_PVS_USA,2022-04-26 15:48:16,1,,0,,0,,0,,0,,1033,,1031,,2405,,5020,,33,g/5m,14,h,260,h,15823,A,12678,A,2592,A,0,,0,,0,,3659,°C,2891,°C,3088,°C,0,,0,,237,V,220,V,741357,m,1,,0,,117,,44,,0,,0,,0,,8,,3859,Ah,74,hours,64,,0,,5,,1,,1,,1,,1,,1,,70,,15,,70,,80,,30000,,0,,440,,0,,30000,,0,,9000,,0,,200,,0,,30000,,0,,0,,2350,,2,,1,,0,,1,,60,,20,,1,,1,,0,,210,,2,,10,,0,,0,,0,,302,,0,,144,,25,,275,,4286,m,8,,129,h,2528,,40,,40,,40,,250,,40,,1,,1,,-92.0,dBm,2631,°C,7361,A,32.744,,-96.994,,0,,0,,0,,0,,0,,0,,0,,0,,0,,0,,0,,0,,0,,0,,0,,0,
8,Robot S6,5623efd1a51643aea4c6bcfd359b3591,30189368_ROBOT_S6.1_PVS_USA,2022-04-26 15:52:26,1,,0,,0,,0,,0,,1033,,1031,,2405,,5020,,33,g/5m,14,h,260,h,15823,A,12678,A,2592,A,0,,0,,0,,3742,°C,2995,°C,3185,°C,0,,0,,237,V,220,V,741635,m,1,,0,,117,,44,,0,,0,,0,,8,,3859,Ah,74,hours,64,,0,,5,,1,,1,,1,,1,,1,,70,,15,,70,,80,,30000,,0,,440,,0,,30000,,0,,9000,,0,,200,,0,,30000,,0,,0,,2350,,2,,1,,0,,1,,60,,20,,1,,1,,0,,210,,2,,10,,0,,0,,0,,302,,0,,144,,25,,275,,4287,m,18,,129,h,2529,,40,,40,,40,,250,,40,,1,,1,,-90.0,dBm,2693,°C,7361,A,32.744,,-96.994,,0,,0,,0,,0,,0,,0,,0,,0,,0,,0,,0,,0,,0,,0,,0,,0,
9,Robot S6,5623efd1a51643aea4c6bcfd359b3591,30189368_ROBOT_S6.1_PVS_USA,2022-04-26 16:41:32,1,,0,,0,,0,,0,,1033,,1031,,2405,,5020,,33,g/5m,14,h,260,h,15823,A,12678,A,2592,A,0,,0,,0,,3746,°C,2995,°C,3190,°C,0,,0,,237,V,220,V,741911,m,1,,0,,117,,44,,0,,0,,0,,8,,3859,Ah,74,hours,64,,0,,5,,1,,1,,1,,1,,1,,70,,15,,70,,80,,30000,,0,,440,,0,,30000,,0,,9000,,0,,200,,0,,30000,,0,,0,,2350,,2,,1,,0,,1,,60,,20,,1,,1,,0,,210,,2,,10,,0,,0,,0,,302,,0,,144,,25,,275,,4289,m,18,,129,h,2530,,40,,40,,40,,250,,40,,1,,1,,-86.0,dBm,2715,°C,7361,A,32.744,,-96.994,,0,,0,,0,,0,,0,,0,,0,,0,,0,,0,,0,,0,,0,,0,,0,,0,
10,Robot S6,5623efd1a51643aea4c6bcfd359b3591,30189368_ROBOT_S6.1_PVS_USA,2022-04-26 16:45:31,1,,0,,0,,0,,0,,1033,,1031,,2405,,5020,,33,g/5m,14,h,260,h,15823,A,12678,A,2592,A,0,,0,,0,,3746,°C,3024,°C,3190,°C,0,,0,,237,V,220,V,742188,m,1,,0,,117,,44,,0,,0,,0,,8,,3859,Ah,74,hours,64,,0,,5,,1,,1,,1,,1,,1,,70,,15,,70,,80,,30000,,0,,440,,0,,30000,,0,,9000,,0,,200,,0,,30000,,0,,0,,2350,,2,,1,,0,,1,,60,,20,,1,,1,,0,,210,,2,,10,,0,,0,,0,,302,,0,,144,,25,,275,,4290,m,18,,129,h,2531,,40,,40,,40,,250,,40,,1,,1,,-88.0,dBm,2748,°C,7361,A,32.744,,-96.994,,0,,0,,0,,0,,0,,0,,0,,0,,0,,0,,0,,0,,0,,0,,0,,0,
11,Robot S6,5623efd1a51643aea4c6bcfd359b3591,30189368_ROBOT_S6.1_PVS_USA,2022-04-26 16:49:24,1,,0,,0,,0,,0,,1033,,1031,,2405,,5020,,33,g/5m,14,h,260,h,15823,A,12678,A,2592,A,0,,0,,0,,3746,°C,3100,°C,3231,°C,0,,0,,237,V,220,V,742466,m,1,,0,,117,,44,,0,,0,,0,,8,,3859,Ah,74,hours,64,,0,,5,,1,,1,,1,,1,,1,,70,,15,,70,,80,,30000,,0,,440,,0,,30000,,0,,9000,,0,,200,,0,,30000,,0,,0,,2350,,2,,1,,0,,1,,60,,20,,1,,1,,0,,210,,2,,10,,0,,0,,0,,302,,0,,144,,25,,275,,4292,m,18,,129,h,2532,,40,,40,,40,,250,,40,,1,,1,,-90.0,dBm,2801,°C,7361,A,32.778,,-96.983,,0,,0,,0,,0,,0,,0,,0,,0,,0,,0,,0,,0,,0,,0,,0,,0,
12,Robot S6,5623efd1a51643aea4c6bcfd359b3591,30189368_ROBOT_S6.1_PVS_USA,2022-05-04 16:40:16,1,,0,,0,,0,,0,,1033,,1031,,2405,,5020,,33,g/5m,14,h,260,h,16996,A,403,A,46,A,0,,0,,0,,2410,°C,2290,°C,2249,°C,0,,0,,237,V,220,V,742466,m,1,,0,,118,,45,,0,,0,,0,,8,,1248,Ah,13,hours,0,,0,,5,,1,,1,,1,,1,,1,,70,,15,,70,,80,,30000,,0,,440,,0,,30000,,0,,9000,,0,,200,,0,,30000,,0,,0,,2350,,2,,1,,0,,1,,60,,20,,1,,1,,0,,210,,2,,10,,0,,0,,0,,302,,0,,144,,25,,275,,4292,m,0,,129,h,2532,,40,,40,,40,,250,,40,,1,,1,,,,2267,°C,84,A,32.744,,-96.994,,0,,0,,0,,0,,0,,0,,0,,0,,0,,0,,0,,0,,0,,0,,0,,0,
13,Robot S6,5623efd1a51643aea4c6bcfd359b3591,30189368_ROBOT_S6.1_PVS_USA,2022-05-04 16:52:01,1,,0,,0,,0,,0,,1033,,1031,,2405,,5020,,33,g/5m,14,h,261,h,16996,A,20523,A,5456,A,0,,0,,0,,3178,°C,2627,°C,2726,°C,0,,0,,237,V,220,V,743035,m,1,,0,,118,,45,,0,,0,,0,,8,,1248,Ah,13,hours,0,,0,,5,,1,,1,,1,,1,,1,,70,,15,,70,,80,,30000,,0,,440,,0,,30000,,0,,9000,,0,,200,,0,,30000,,0,,0,,2350,,2,,1,,0,,1,,60,,20,,1,,1,,0,,210,,2,,10,,0,,0,,0,,302,,0,,144,,25,,275,,4296,m,40,,130,h,2534,,40,,40,,40,,250,,40,,1,,1,,-88.0,dBm,2501,°C,6845,A,32.744,,-96.994,,0,,0,,0,,0,,0,,0,,0,,0,,0,,0,,0,,0,,0,,0,,0,,0,
14,Robot S6,5623efd1a51643aea4c6bcfd359b3591,30189368_ROBOT_S6.1_PVS_USA,2022-05-04 16:57:11,1,,0,,0,,0,,0,,1033,,1031,,2405,,5020,,33,g/5m,14,h,261,h,16996,A,20523,A,5456,A,0,,0,,0,,3390,°C,2763,°C,2898,°C,0,,0,,237,V,220,V,743319,m,1,,0,,118,,45,,0,,0,,0,,8,,1248,Ah,13,hours,0,,0,,5,,1,,1,,1,,1,,1,,70,,15,,70,,80,,30000,,0,,440,,0,,30000,,0,,9000,,0,,200,,0,,30000,,0,,0,,2350,,2,,1,,0,,1,,60,,20,,1,,1,,0,,210,,2,,10,,0,,0,,0,,302,,0,,144,,25,,275,,4298,m,20,,130,h,2535,,40,,40,,40,,250,,40,,1,,1,,-86.0,dBm,2592,°C,6845,A,32.744,,-96.994,,0,,0,,0,,0,,0,,0,,0,,0,,0,,0,,0,,0,,0,,0,,0,,0,
15,Robot S6,5623efd1a51643aea4c6bcfd359b3591,30189368_ROBOT_S6.1_PVS_USA,2022-05-04 17:00:00,1,,0,,0,,0,,0,,1033,,1031,,2405,,5020,,33,g/5m,14,h,261,h,16996,A,20523,A,5456,A,0,,0,,0,,3414,°C,2795,°C,2928,°C,0,,0,,237,V,220,V,743414,m,1,,0,,118,,45,,0,,0,,0,,8,,1248,Ah,13,hours,0,,0,,5,,1,,1,,1,,1,,1,,70,,15,,70,,80,,30000,,0,,440,,0,,30000,,0,,9000,,0,,200,,0,,30000,,0,,0,,2350,,2,,1,,0,,1,,60,,20,,1,,1,,0,,210,,2,,10,,0,,0,,0,,302,,0,,144,,25,,275,,4298,m,7,,130,h,2536,,40,,40,,40,,250,,40,,1,,1,,-88.0,dBm,2627,°C,6845,A,32.744,,-96.994,,0,,0,,0,,0,,0,,0,,0,,0,,0,,0,,0,,0,,0,,0,,0,,0,
16,Robot S6,5623efd1a51643aea4c6bcfd359b3591,30189368_ROBOT_S6.1_PVS_USA,2022-05-04 17:18:49,1,,0,,0,,0,,0,,1033,,1031,,2405,,5020,,33,g/5m,14,h,261,h,16996,A,20523,A,5456,A,0,,0,,0,,3478,°C,3042,°C,3093,°C,0,,0,,237,V,220,V,743699,m,1,,0,,118,,45,,0,,0,,0,,8,,1248,Ah,13,hours,0,,0,,5,,1,,1,,1,,1,,1,,70,,15,,70,,80,,30000,,0,,440,,0,,30000,,0,,9000,,0,,200,,0,,30000,,0,,0,,2350,,2,,1,,0,,1,,60,,20,,1,,1,,0,,210,,2,,10,,0,,0,,0,,302,,0,,144,,25,,275,,4300,m,20,,130,h,2537,,40,,40,,40,,250,,40,,1,,1,,-86.0,dBm,2816,°C,6845,A,32.778,,-96.983,,0,,0,,0,,0,,0,,0,,0,,0,,0,,0,,0,,0,,0,,0,,0,,0,
17,Robot S6,5623efd1a51643aea4c6bcfd359b3591,30189368_ROBOT_S6.1_PVS_USA,2022-05-04 17:38:04,1,,0,,0,,0,,0,,1033,,1031,,2405,,5020,,33,g/5m,14,h,261,h,16996,A,20523,A,5456,A,0,,0,,0,,3568,°C,3205,°C,3234,°C,0,,0,,237,V,220,V,743986,m,1,,0,,118,,45,,0,,0,,0,,8,,1248,Ah,13,hours,0,,0,,5,,1,,1,,1,,1,,1,,70,,15,,70,,80,,30000,,0,,440,,0,,30000,,0,,9000,,0,,200,,0,,30000,,0,,0,,2350,,2,,1,,0,,1,,60,,20,,1,,1,,0,,210,,2,,10,,0,,0,,0,,302,,0,,144,,25,,275,,4302,m,20,,130,h,2538,,40,,40,,40,,250,,40,,1,,1,,-88.0,dBm,2942,°C,6845,A,32.744,,-96.994,,0,,0,,0,,0,,0,,0,,0,,0,,0,,0,,0,,0,,0,,0,,0,,0,
18,Robot S6,5623efd1a51643aea4c6bcfd359b3591,30189368_ROBOT_S6.1_PVS_USA,2022-05-04 17:41:59,1,,0,,0,,0,,0,,1033,,1031,,2405,,5020,,33,g/5m,14,h,261,h,17748,A,20523,A,5456,A,0,,0,,0,,3795,°C,3286,°C,3372,°C,0,,0,,237,V,220,V,744271,m,1,,0,,118,,45,,0,,0,,0,,8,,1248,Ah,13,hours,0,,0,,5,,1,,1,,1,,1,,1,,70,,15,,70,,80,,30000,,0,,440,,0,,30000,,0,,9000,,0,,200,,0,,30000,,0,,0,,2350,,2,,1,,0,,1,,60,,20,,1,,1,,0,,210,,2,,10,,0,,0,,0,,302,,0,,144,,25,,275,,4304,m,20,,130,h,2539,,40,,40,,40,,250,,40,,1,,1,,-90.0,dBm,2991,°C,6845,A,32.778,,-96.983,,0,,0,,0,,0,,0,,0,,0,,0,,0,,0,,0,,0,,0,,0,,0,,0,
19,Robot S6,5623efd1a51643aea4c6bcfd359b3591,30189368_ROBOT_S6.1_PVS_USA,2022-05-04 17:45:40,1,,0,,0,,0,,0,,1033,,1031,,2405,,5020,,33,g/5m,14,h,261,h,17748,A,20523,A,5456,A,0,,0,,0,,3958,°C,3362,°C,3480,°C,0,,0,,237,V,220,V,744541,m,1,,0,,118,,45,,0,,0,,0,,8,,1248,Ah,13,hours,0,,0,,5,,1,,1,,1,,1,,1,,70,,15,,70,,80,,30000,,0,,440,,0,,30000,,0,,9000,,0,,200,,0,,30000,,0,,0,,2350,,2,,1,,0,,1,,60,,20,,1,,1,,0,,210,,2,,10,,0,,0,,0,,302,,0,,144,,25,,275,,4305,m,22,,130,h,2540,,40,,40,,40,,250,,40,,1,,1,,-90.0,dBm,3030,°C,6845,A,32.778,,-96.983,,0,,0,,0,,0,,0,,0,,0,,0,,0,,0,,0,,0,,0,,0,,0,,0,
20,Robot S6,5623efd1a51643aea4c6bcfd359b3591,30189368_ROBOT_S6.1_PVS_USA,2022-05-04 17:47:47,1,,0,,0,,0,,0,,1033,,1031,,2405,,5020,,33,g/5m,14,h,261,h,17748,A,20523,A,5456,A,0,,0,,0,,3962,°C,3362,°C,3484,°C,0,,0,,237,V,220,V,744624,m,1,,0,,118,,45,,0,,0,,0,,8,,1248,Ah,13,hours,0,,0,,5,,1,,1,,1,,1,,1,,70,,15,,70,,80,,30000,,0,,440,,0,,30000,,0,,9000,,0,,200,,0,,30000,,0,,0,,2350,,2,,1,,0,,1,,60,,20,,1,,1,,0,,210,,2,,10,,0,,0,,0,,302,,0,,144,,25,,275,,4306,m,6,,130,h,2541,,40,,40,,40,,250,,40,,1,,1,,-88.0,dBm,3038,°C,6845,A,32.778,,-96.983,,0,,0,,0,,0,,0,,0,,0,,0,,0,,0,,0,,0,,0,,0,,0,,0,
21,Robot S6,5623efd1a51643aea4c6bcfd359b3591,30189368_ROBOT_S6.1_PVS_USA,2022-05-04 18:19:02,1,,0,,0,,0,,0,,1033,,1031,,2405,,5020,,33,g/5m,14,h,261,h,14946,A,12204,A,1778,A,0,,0,,0,,3784,°C,3307,°C,3361,°C,0,,0,,237,V,220,V,745202,m,1,,0,,119,,45,,0,,0,,0,,8,,472,Ah,3,hours,0,,0,,5,,1,,1,,1,,1,,1,,70,,15,,70,,80,,30000,,0,,440,,0,,30000,,0,,9000,,0,,200,,0,,30000,,0,,0,,2350,,2,,1,,0,,1,,60,,20,,1,,1,,0,,210,,2,,10,,0,,0,,0,,302,,0,,144,,25,,276,,4310,m,40,,130,h,2543,,40,,40,,40,,250,,40,,1,,1,,-86.0,dBm,3003,°C,6765,A,32.744,,-96.994,,0,,0,,0,,0,,0,,0,,0,,0,,0,,0,,0,,0,,0,,0,,0,,0,
22,Robot S6,5623efd1a51643aea4c6bcfd359b3591,30189368_ROBOT_S6.1_PVS_USA,2022-05-04 18:21:23,1,,0,,0,,0,,0,,1033,,1031,,2405,,5020,,33,g/5m,14,h,261,h,14946,A,12204,A,1778,A,0,,0,,0,,3820,°C,3307,°C,3365,°C,0,,0,,237,V,220,V,745281,m,1,,0,,119,,45,,0,,0,,0,,8,,472,Ah,3,hours,0,,0,,5,,1,,1,,1,,1,,1,,70,,15,,70,,80,,30000,,0,,440,,0,,30000,,0,,9000,,0,,200,,0,,30000,,0,,0,,2350,,2,,1,,0,,1,,60,,20,,1,,1,,0,,210,,2,,10,,0,,0,,0,,302,,0,,144,,25,,276,,4310,m,6,,130,h,2544,,40,,40,,40,,250,,40,,1,,1,,-92.0,dBm,3015,°C,6765,A,32.744,,-96.994,,0,,0,,0,,0,,0,,0,,0,,0,,0,,0,,0,,0,,0,,0,,0,,0,
23,Robot S6,5623efd1a51643aea4c6bcfd359b3591,30189368_ROBOT_S6.1_PVS_USA,2022-05-04 18:25:59,1,,0,,0,,0,,0,,1033,,1031,,2405,,5020,,33,g/5m,14,h,261,h,14946,A,12204,A,2516,A,0,,0,,0,,3856,°C,3360,°C,3390,°C,0,,0,,237,V,220,V,745411,m,1,,0,,119,,45,,0,,0,,0,,8,,472,Ah,3,hours,0,,0,,5,,1,,1,,1,,1,,1,,70,,15,,70,,80,,30000,,0,,440,,0,,30000,,0,,9000,,0,,200,,0,,30000,,0,,0,,2350,,2,,1,,0,,1,,60,,20,,1,,1,,0,,210,,2,,10,,0,,0,,0,,302,,0,,144,,25,,276,,4311,m,14,,130,h,2545,,40,,40,,40,,250,,40,,1,,1,,-86.0,dBm,3049,°C,6765,A,32.744,,-96.994,,0,,0,,0,,0,,0,,0,,0,,0,,0,,0,,0,,0,,0,,0,,0,,0,
24,Robot S6,5623efd1a51643aea4c6bcfd359b3591,30189368_ROBOT_S6.1_PVS_USA,2022-05-04 18:34:21,1,,0,,0,,0,,0,,1033,,1031,,2405,,5020,,33,g/5m,14,h,261,h,15560,A,14617,A,2516,A,0,,0,,0,,3876,°C,3400,°C,3418,°C,0,,0,,237,V,220,V,745593,m,1,,0,,119,,45,,0,,0,,0,,8,,472,Ah,3,hours,0,,0,,5,,1,,1,,1,,1,,1,,70,,15,,70,,80,,30000,,0,,440,,0,,30000,,0,,9000,,0,,200,,0,,30000,,0,,0,,2350,,2,,1,,0,,1,,60,,20,,1,,1,,0,,210,,2,,10,,0,,0,,0,,302,,0,,144,,25,,276,,4312,m,13,,130,h,2546,,40,,40,,40,,250,,40,,1,,1,,-88.0,dBm,3090,°C,6765,A,32.744,,-96.994,,0,,0,,0,,0,,0,,0,,0,,0,,0,,0,,0,,0,,0,,0,,0,,0,
25,Robot S6,5623efd1a51643aea4c6bcfd359b3591,30189368_ROBOT_S6.1_PVS_USA,2022-05-05 11:32:03,1,,0,,0,,0,,0,,1033,,1031,,2405,,5020,,33,g/5m,14,h,262,h,15609,A,9358,A,2724,A,0,,0,,0,,3035,°C,2615,°C,2654,°C,0,,0,,237,V,220,V,745875,m,1,,0,,119,,45,,0,,0,,0,,8,,472,Ah,3,hours,0,,0,,5,,1,,1,,1,,1,,1,,70,,15,,70,,80,,30000,,0,,440,,0,,30000,,0,,9000,,0,,200,,0,,30000,,0,,0,,2350,,2,,1,,0,,1,,60,,20,,1,,1,,0,,210,,2,,10,,0,,0,,0,,302,,0,,144,,25,,276,,4314,m,20,,130,h,2547,,40,,40,,40,,250,,40,,1,,1,,-90.0,dBm,2521,°C,6838,A,32.778,,-96.983,,0,,0,,0,,0,,0,,0,,0,,0,,0,,0,,0,,0,,0,,0,,0,,0,
26,Robot S6,5623efd1a51643aea4c6bcfd359b3591,30189368_ROBOT_S6.1_PVS_USA,2022-05-05 11:35:58,1,,0,,0,,0,,0,,1033,,1031,,2405,,5020,,33,g/5m,14,h,262,h,15609,A,13005,A,2724,A,0,,0,,0,,3346,°C,2729,°C,2849,°C,0,,0,,237,V,220,V,746159,m,1,,0,,119,,45,,0,,0,,0,,8,,472,Ah,3,hours,0,,0,,5,,1,,1,,1,,1,,1,,70,,15,,70,,80,,30000,,0,,440,,0,,30000,,0,,9000,,0,,200,,0,,30000,,0,,0,,2350,,2,,1,,0,,1,,60,,20,,1,,1,,0,,210,,2,,10,,0,,0,,0,,302,,0,,144,,25,,276,,4316,m,20,,130,h,2548,,40,,40,,40,,250,,40,,1,,1,,-88.0,dBm,2598,°C,6838,A,32.778,,-96.983,,0,,0,,0,,0,,0,,0,,0,,0,,0,,0,,0,,0,,0,,0,,0,,0,
27,Robot S6,5623efd1a51643aea4c6bcfd359b3591,30189368_ROBOT_S6.1_PVS_USA,2022-05-05 11:40:02,1,,0,,0,,0,,0,,1033,,1031,,2405,,5020,,33,g/5m,14,h,262,h,16003,A,14702,A,2724,A,0,,0,,0,,3583,°C,2843,°C,3030,°C,0,,0,,237,V,220,V,746449,m,1,,0,,119,,45,,0,,0,,0,,8,,472,Ah,3,hours,0,,0,,5,,1,,1,,1,,1,,1,,70,,15,,70,,80,,30000,,0,,440,,0,,30000,,0,,9000,,0,,200,,0,,30000,,0,,0,,2350,,2,,1,,0,,1,,60,,20,,1,,1,,0,,210,,2,,10,,0,,0,,0,,302,,0,,144,,25,,276,,4318,m,20,,130,h,2549,,40,,40,,40,,250,,40,,1,,1,,-92.0,dBm,2677,°C,6838,A,32.778,,-96.983,,0,,0,,0,,0,,0,,0,,0,,0,,0,,0,,0,,0,,0,,0,,0,,0,
28,Robot S6,5623efd1a51643aea4c6bcfd359b3591,30189368_ROBOT_S6.1_PVS_USA,2022-05-05 11:44:08,1,,0,,0,,0,,0,,1033,,1031,,2405,,5020,,33,g/5m,14,h,262,h,16003,A,14702,A,2724,A,0,,0,,0,,3720,°C,2956,°C,3152,°C,0,,0,,237,V,220,V,746734,m,1,,0,,119,,45,,0,,0,,0,,8,,472,Ah,3,hours,0,,0,,5,,1,,1,,1,,1,,1,,70,,15,,70,,80,,30000,,0,,440,,0,,30000,,0,,9000,,0,,200,,0,,30000,,0,,0,,2350,,2,,1,,0,,1,,60,,20,,1,,1,,0,,210,,2,,10,,0,,0,,0,,302,,0,,144,,25,,276,,4320,m,20,,130,h,2550,,40,,40,,40,,250,,40,,1,,1,,-90.0,dBm,2746,°C,6838,A,32.778,,-96.983,,0,,0,,0,,0,,0,,0,,0,,0,,0,,0,,0,,0,,0,,0,,0,,0,
29,Robot S6,5623efd1a51643aea4c6bcfd359b3591,30189368_ROBOT_S6.1_PVS_USA,2022-05-05 11:50:20,1,,0,,0,,0,,0,,1033,,1031,,2405,,5020,,33,g/5m,14,h,262,h,16003,A,14702,A,2724,A,0,,0,,0,,3788,°C,3080,°C,3244,°C,0,,0,,237,V,220,V,747017,m,1,,0,,119,,45,,0,,0,,0,,8,,472,Ah,3,hours,0,,0,,5,,1,,1,,1,,1,,1,,70,,15,,70,,80,,30000,,0,,440,,0,,30000,,0,,9000,,0,,200,,0,,30000,,0,,0,,2350,,2,,1,,0,,1,,60,,20,,1,,1,,0,,210,,2,,10,,0,,0,,0,,302,,0,,144,,25,,276,,4321,m,20,,130,h,2551,,40,,40,,40,,250,,40,,1,,1,,-88.0,dBm,2828,°C,6838,A,32.778,,-96.983,,0,,0,,0,,0,,0,,0,,0,,0,,0,,0,,0,,0,,0,,0,,0,,0,
30,Robot S6,5623efd1a51643aea4c6bcfd359b3591,30189368_ROBOT_S6.1_PVS_USA,2022-05-05 11:55:20,1,,0,,0,,0,,0,,1033,,1031,,2405,,5020,,33,g/5m,14,h,262,h,16003,A,14702,A,2724,A,0,,0,,0,,3886,°C,3183,°C,3344,°C,0,,0,,237,V,220,V,747300,m,1,,0,,119,,45,,0,,0,,0,,8,,472,Ah,3,hours,0,,0,,5,,1,,1,,1,,1,,1,,70,,15,,70,,80,,30000,,0,,440,,0,,30000,,0,,9000,,0,,200,,0,,30000,,0,,0,,2350,,2,,1,,0,,1,,60,,20,,1,,1,,0,,210,,2,,10,,0,,0,,0,,302,,0,,144,,25,,276,,4323,m,20,,130,h,2552,,40,,40,,40,,250,,40,,1,,1,,-88.0,dBm,2897,°C,6838,A,32.744,,-96.994,,0,,0,,0,,0,,0,,0,,0,,0,,0,,0,,0,,0,,0,,0,,0,,0,
31,Robot S6,5623efd1a51643aea4c6bcfd359b3591,30189368_ROBOT_S6.1_PVS_USA,2022-05-11 01:24:04,1,,0,,0,,0,,0,,1033,,1031,,2405,,5020,,33,g/5m,14,h,262,h,17038,A,180,A,62,A,0,,0,,0,,3212,°C,3080,°C,3050,°C,0,,0,,237,V,220,V,747300,m,1,,1010,,121,,45,,0,,0,,0,,8,,602,Ah,14,hours,0,,0,,5,,1,,1,,1,,1,,1,,70,,15,,70,,80,,30000,,0,,440,,0,,30000,,0,,9000,,0,,200,,0,,30000,,0,,0,,2350,,2,,1,,0,,1,,60,,20,,1,,1,,0,,210,,2,,10,,0,,0,,0,,302,,0,,144,,25,,276,,4323,m,0,,130,h,2552,,40,,40,,40,,250,,40,,1,,1,,,,3071,°C,110,A,32.744,,-96.994,,0,,0,,0,,0,,0,,0,,0,,0,,0,,0,,0,,0,,0,,0,,0,,0,
32,Robot S6,5623efd1a51643aea4c6bcfd359b3591,30189368_ROBOT_S6.1_PVS_USA,2022-05-11 01:29:30,1,,0,,0,,0,,0,,1033,,1031,,2405,,5020,,33,g/5m,14,h,262,h,17038,A,14935,A,1975,A,0,,0,,0,,3735,°C,3252,°C,3306,°C,0,,0,,237,V,220,V,747675,m,1,,0,,121,,45,,0,,0,,0,,8,,602,Ah,14,hours,0,,0,,5,,1,,1,,1,,1,,1,,70,,15,,70,,80,,30000,,0,,440,,0,,30000,,0,,9000,,0,,200,,0,,30000,,0,,0,,2350,,2,,1,,0,,1,,60,,20,,1,,1,,0,,210,,2,,10,,0,,0,,0,,302,,0,,144,,25,,276,,4325,m,21,,130,h,2553,,40,,40,,40,,250,,40,,1,,1,,-96.0,dBm,3163,°C,6490,A,32.744,,-96.994,,0,,0,,0,,0,,0,,0,,0,,0,,0,,0,,0,,0,,0,,0,,0,,0,
33,Robot S6,5623efd1a51643aea4c6bcfd359b3591,30189368_ROBOT_S6.1_PVS_USA,2022-05-11 01:34:00,1,,0,,0,,0,,0,,1033,,1031,,2405,,5020,,33,g/5m,14,h,262,h,17038,A,16779,A,9551,A,0,,0,,0,,4051,°C,3382,°C,3520,°C,0,,0,,237,V,220,V,748036,m,1,,0,,121,,45,,0,,0,,0,,8,,602,Ah,14,hours,0,,0,,5,,1,,1,,1,,1,,1,,70,,15,,70,,80,,30000,,0,,440,,0,,30000,,0,,9000,,0,,200,,0,,30000,,0,,0,,2350,,2,,1,,0,,1,,60,,20,,1,,1,,0,,210,,2,,10,,0,,0,,0,,302,,0,,144,,25,,276,,4328,m,20,,130,h,2554,,40,,40,,40,,250,,40,,1,,1,,-88.0,dBm,3244,°C,6490,A,32.744,,-96.994,,0,,0,,0,,0,,0,,0,,0,,0,,0,,0,,0,,0,,0,,0,,0,,0,
34,Robot S6,5623efd1a51643aea4c6bcfd359b3591,30189368_ROBOT_S6.1_PVS_USA,2022-05-11 18:15:10,1,,0,,0,,0,,0,,1033,,1031,,2405,,5020,,33,g/5m,14,h,262,h,17761,A,16202,A,2452,A,0,,0,,0,,3615,°C,3094,°C,3141,°C,0,,0,,237,V,220,V,748364,m,1,,0,,121,,45,,0,,0,,0,,8,,602,Ah,14,hours,0,,0,,5,,1,,1,,1,,1,,1,,70,,15,,70,,80,,30000,,0,,440,,0,,30000,,0,,9000,,0,,200,,0,,30000,,0,,0,,2350,,2,,1,,0,,1,,60,,20,,1,,1,,0,,210,,2,,10,,0,,0,,0,,302,,0,,144,,25,,276,,4329,m,23,,131,h,2555,,40,,40,,40,,250,,40,,1,,1,,-84.0,dBm,3004,°C,6454,A,32.778,,-96.983,,0,,0,,0,,0,,0,,0,,0,,0,,0,,0,,0,,0,,0,,0,,0,,0,
35,Robot S6,5623efd1a51643aea4c6bcfd359b3591,30189368_ROBOT_S6.1_PVS_USA,2022-05-11 18:20:26,1,,0,,0,,0,,0,,1033,,1031,,2405,,5020,,33,g/5m,14,h,262,h,17761,A,18066,A,2452,A,0,,0,,0,,3865,°C,3216,°C,3329,°C,0,,0,,237,V,220,V,748693,m,1,,0,,121,,45,,0,,0,,0,,8,,602,Ah,14,hours,0,,0,,5,,1,,1,,1,,1,,1,,70,,15,,70,,80,,30000,,0,,440,,0,,30000,,0,,9000,,0,,200,,0,,30000,,0,,0,,2350,,2,,1,,0,,1,,60,,20,,1,,1,,0,,210,,2,,10,,0,,0,,0,,302,,0,,144,,25,,276,,4331,m,23,,131,h,2556,,40,,40,,40,,250,,40,,1,,1,,-84.0,dBm,3091,°C,6454,A,32.778,,-96.983,,0,,0,,0,,0,,0,,0,,0,,0,,0,,0,,0,,0,,0,,0,,0,,0,
36,Robot S6,5623efd1a51643aea4c6bcfd359b3591,30189368_ROBOT_S6.1_PVS_USA,2022-05-11 18:27:13,1,,0,,0,,0,,0,,1033,,1031,,2405,,5020,,33,g/5m,14,h,262,h,17761,A,18066,A,2452,A,0,,0,,0,,4026,°C,3366,°C,3471,°C,0,,0,,237,V,220,V,749002,m,1,,0,,121,,45,,0,,0,,0,,8,,602,Ah,14,hours,0,,0,,5,,1,,1,,1,,1,,1,,70,,15,,70,,80,,30000,,0,,440,,0,,30000,,0,,9000,,0,,200,,0,,30000,,0,,0,,2350,,2,,1,,0,,1,,60,,20,,1,,1,,0,,210,,2,,10,,0,,0,,0,,302,,0,,144,,25,,276,,4333,m,22,,131,h,2557,,40,,40,,40,,250,,40,,1,,1,,-88.0,dBm,3188,°C,6454,A,32.778,,-96.983,,0,,0,,0,,0,,0,,0,,0,,0,,0,,0,,0,,0,,0,,0,,0,,0,
37,Robot S6,5623efd1a51643aea4c6bcfd359b3591,30189368_ROBOT_S6.1_PVS_USA,2022-05-11 18:32:26,1,,0,,0,,0,,0,,1033,,1031,,2405,,5020,,33,g/5m,14,h,262,h,17761,A,18066,A,2452,A,0,,0,,0,,4161,°C,3479,°C,3592,°C,0,,0,,237,V,220,V,749299,m,1,,0,,121,,45,,0,,0,,0,,8,,602,Ah,14,hours,0,,0,,5,,1,,1,,1,,1,,1,,70,,15,,70,,80,,30000,,0,,440,,0,,30000,,0,,9000,,0,,200,,0,,30000,,0,,0,,2350,,2,,1,,0,,1,,60,,20,,1,,1,,0,,210,,2,,10,,0,,0,,0,,302,,0,,144,,25,,276,,4335,m,21,,131,h,2558,,40,,40,,40,,250,,40,,1,,1,,-84.0,dBm,3258,°C,6454,A,32.778,,-96.983,,0,,0,,0,,0,,0,,0,,0,,0,,0,,0,,0,,0,,0,,0,,0,,0,
38,Robot S6,5623efd1a51643aea4c6bcfd359b3591,30189368_ROBOT_S6.1_PVS_USA,2022-05-11 18:36:10,1,,0,,0,,0,,0,,1033,,1031,,2405,,5020,,33,g/5m,14,h,262,h,17761,A,18066,A,2452,A,0,,0,,0,,4338,°C,3573,°C,3717,°C,0,,0,,237,V,220,V,749606,m,1,,0,,121,,45,,0,,0,,0,,8,,602,Ah,14,hours,0,,0,,5,,1,,1,,1,,1,,1,,70,,15,,70,,80,,30000,,0,,440,,0,,30000,,0,,9000,,0,,200,,0,,30000,,0,,0,,2350,,2,,1,,0,,1,,60,,20,,1,,1,,0,,210,,2,,10,,0,,0,,0,,302,,0,,144,,25,,276,,4336,m,22,,131,h,2559,,40,,40,,40,,250,,40,,1,,1,,-88.0,dBm,3314,°C,6523,A,32.778,,-96.983,,0,,0,,0,,0,,0,,0,,0,,0,,0,,0,,0,,0,,0,,0,,0,,0,
39,Robot S6,5623efd1a51643aea4c6bcfd359b3591,30189368_ROBOT_S6.1_PVS_USA,2022-05-12 12:05:34,1,,0,,0,,0,,0,,1033,,1031,,2405,,5020,,33,g/5m,14,h,262,h,15719,A,16068,A,2761,A,0,,0,,0,,3170,°C,2642,°C,2710,°C,0,,0,,237,V,220,V,749962,m,1,,0,,122,,45,,0,,0,,0,,8,,1847,Ah,33,hours,64,,0,,5,,1,,1,,1,,1,,1,,70,,15,,70,,80,,30000,,0,,440,,0,,30000,,0,,9000,,0,,200,,0,,30000,,0,,0,,2350,,2,,1,,0,,1,,60,,20,,1,,1,,0,,210,,2,,10,,0,,0,,0,,302,,0,,144,,25,,276,,4338,m,25,,131,h,2560,,40,,40,,40,,250,,40,,1,,1,,-86.0,dBm,2556,°C,6538,A,32.744,,-96.994,,0,,0,,0,,0,,0,,0,,0,,0,,0,,0,,0,,0,,0,,0,,0,,0,
40,Robot S6,5623efd1a51643aea4c6bcfd359b3591,30189368_ROBOT_S6.1_PVS_USA,2022-05-12 12:08:51,1,,0,,0,,0,,0,,1033,,1031,,2405,,5020,,33,g/5m,14,h,262,h,16348,A,16068,A,2761,A,0,,0,,0,,3416,°C,2738,°C,2866,°C,0,,0,,237,V,220,V,750241,m,1,,0,,122,,45,,0,,0,,0,,8,,1847,Ah,33,hours,64,,0,,5,,1,,1,,1,,1,,1,,70,,15,,70,,80,,30000,,0,,440,,0,,30000,,0,,9000,,0,,200,,0,,30000,,0,,0,,2350,,2,,1,,0,,1,,60,,20,,1,,1,,0,,210,,2,,10,,0,,0,,0,,302,,0,,144,,25,,276,,4339,m,20,,131,h,2561,,40,,40,,40,,250,,40,,1,,1,,-86.0,dBm,2618,°C,6538,A,32.744,,-96.994,,0,,0,,0,,0,,0,,0,,0,,0,,0,,0,,0,,0,,0,,0,,0,,0,
41,Robot S6,5623efd1a51643aea4c6bcfd359b3591,30189368_ROBOT_S6.1_PVS_USA,2022-05-12 12:23:00,1,,0,,0,,0,,0,,1033,,1031,,2405,,5020,,33,g/5m,14,h,262,h,16348,A,18034,A,2761,A,0,,0,,0,,3565,°C,2955,°C,3059,°C,0,,0,,237,V,220,V,750596,m,1,,0,,122,,45,,0,,0,,0,,8,,1847,Ah,33,hours,64,,0,,5,,1,,1,,1,,1,,1,,70,,15,,70,,80,,30000,,0,,440,,0,,30000,,0,,9000,,0,,200,,0,,30000,,0,,0,,2350,,2,,1,,0,,1,,60,,20,,1,,1,,0,,210,,2,,10,,0,,0,,0,,302,,0,,144,,25,,276,,4341,m,25,,131,h,2562,,40,,40,,40,,250,,40,,1,,1,,-88.0,dBm,2787,°C,6538,A,32.744,,-96.994,,0,,0,,0,,0,,0,,0,,0,,0,,0,,0,,0,,0,,0,,0,,0,,0,
42,Robot S6,5623efd1a51643aea4c6bcfd359b3591,30189368_ROBOT_S6.1_PVS_USA,2022-05-12 12:25:14,1,,0,,0,,0,,0,,1033,,1031,,2405,,5020,,33,g/5m,14,h,262,h,16377,A,18034,A,2761,A,0,,0,,0,,3690,°C,2993,°C,3122,°C,0,,0,,237,V,220,V,750744,m,1,,0,,122,,45,,0,,0,,0,,8,,1847,Ah,33,hours,64,,0,,5,,1,,1,,1,,1,,1,,70,,15,,70,,80,,30000,,0,,440,,0,,30000,,0,,9000,,0,,200,,0,,30000,,0,,0,,2350,,2,,1,,0,,1,,60,,20,,1,,1,,0,,210,,2,,10,,0,,0,,0,,302,,0,,144,,25,,276,,4342,m,12,,131,h,2563,,40,,40,,40,,250,,40,,1,,1,,-88.0,dBm,2819,°C,6538,A,32.744,,-96.994,,0,,0,,0,,0,,0,,0,,0,,0,,0,,0,,0,,0,,0,,0,,0,,0,
43,Robot S6,5623efd1a51643aea4c6bcfd359b3591,30189368_ROBOT_S6.1_PVS_USA,2022-05-12 12:27:53,1,,0,,0,,0,,0,,1033,,1031,,2405,,5020,,33,g/5m,14,h,262,h,16377,A,18034,A,2761,A,0,,0,,0,,3836,°C,3065,°C,3231,°C,0,,0,,237,V,220,V,750971,m,1,,0,,122,,45,,0,,0,,0,,8,,1847,Ah,33,hours,64,,0,,5,,1,,1,,1,,1,,1,,70,,15,,70,,80,,30000,,0,,440,,0,,30000,,0,,9000,,0,,200,,0,,30000,,0,,0,,2350,,2,,1,,0,,1,,60,,20,,1,,1,,0,,210,,2,,10,,0,,0,,0,,302,,0,,144,,25,,276,,4343,m,16,,131,h,2564,,40,,40,,40,,250,,40,,1,,1,,-88.0,dBm,2862,°C,6538,A,32.744,,-96.994,,0,,0,,0,,0,,0,,0,,0,,0,,0,,0,,0,,0,,0,,0,,0,,0,
44,Robot S6,5623efd1a51643aea4c6bcfd359b3591,30189368_ROBOT_S6.1_PVS_USA,2022-05-12 12:50:27,1,,0,,0,,0,,0,,1033,,1031,,2405,,5020,,33,g/5m,14,h,263,h,16377,A,18034,A,2761,A,0,,0,,0,,3843,°C,3222,°C,3291,°C,0,,0,,237,V,220,V,751309,m,1,,0,,122,,45,,0,,0,,0,,8,,1847,Ah,33,hours,64,,0,,5,,1,,1,,1,,1,,1,,70,,15,,70,,80,,30000,,0,,440,,0,,30000,,0,,9000,,0,,200,,0,,30000,,0,,0,,2350,,2,,1,,0,,1,,60,,20,,1,,1,,0,,210,,2,,10,,0,,0,,0,,302,,0,,144,,25,,276,,4344,m,24,,131,h,2565,,40,,40,,40,,250,,40,,1,,1,,-88.0,dBm,2978,°C,6538,A,32.778,,-96.983,,0,,0,,0,,0,,0,,0,,0,,0,,0,,0,,0,,0,,0,,0,,0,,0,
45,Robot S6,5623efd1a51643aea4c6bcfd359b3591,30189368_ROBOT_S6.1_PVS_USA,2022-05-12 12:54:49,1,,0,,0,,0,,0,,1033,,1031,,2405,,5020,,33,g/5m,14,h,263,h,16377,A,18034,A,2761,A,0,,0,,0,,3916,°C,3297,°C,3439,°C,0,,0,,237,V,220,V,751659,m,1,,0,,122,,45,,0,,0,,0,,8,,1847,Ah,33,hours,64,,0,,5,,1,,1,,1,,1,,1,,70,,15,,70,,80,,30000,,0,,440,,0,,30000,,0,,9000,,0,,200,,0,,30000,,0,,0,,2350,,2,,1,,0,,1,,60,,20,,1,,1,,0,,210,,2,,10,,0,,0,,0,,302,,0,,144,,25,,276,,4346,m,25,,131,h,2566,,40,,40,,40,,250,,40,,1,,1,,-86.0,dBm,3028,°C,6538,A,32.744,,-96.994,,0,,0,,0,,0,,0,,0,,0,,0,,0,,0,,0,,0,,0,,0,,0,,0,
46,Robot S6,5623efd1a51643aea4c6bcfd359b3591,30189368_ROBOT_S6.1_PVS_USA,2022-05-12 12:59:03,1,,0,,0,,0,,0,,1033,,1031,,2405,,5020,,33,g/5m,14,h,263,h,16377,A,19072,A,2761,A,0,,0,,0,,4087,°C,3376,°C,3561,°C,0,,0,,237,V,220,V,752011,m,1,,0,,122,,45,,0,,0,,0,,8,,1847,Ah,33,hours,64,,0,,5,,1,,1,,1,,1,,1,,70,,15,,70,,80,,30000,,0,,440,,0,,30000,,0,,9000,,0,,200,,0,,30000,,0,,0,,2350,,2,,1,,0,,1,,60,,20,,1,,1,,0,,210,,2,,10,,0,,0,,0,,302,,0,,144,,25,,276,,4348,m,25,,131,h,2567,,40,,40,,40,,250,,40,,1,,1,,-86.0,dBm,3072,°C,6538,A,32.744,,-96.994,,0,,0,,0,,0,,0,,0,,0,,0,,0,,0,,0,,0,,0,,0,,0,,0,
47,Robot S6,5623efd1a51643aea4c6bcfd359b3591,30189368_ROBOT_S6.1_PVS_USA,2022-05-12 13:02:18,1,,0,,0,,0,,0,,1033,,1031,,2405,,5020,,33,g/5m,14,h,263,h,16377,A,19072,A,2761,A,0,,0,,0,,4208,°C,3433,°C,3637,°C,0,,0,,237,V,220,V,752292,m,1,,0,,122,,45,,0,,0,,0,,8,,1847,Ah,33,hours,64,,0,,5,,1,,1,,1,,1,,1,,70,,15,,70,,80,,30000,,0,,440,,0,,30000,,0,,9000,,0,,200,,0,,30000,,0,,0,,2350,,2,,1,,0,,1,,60,,20,,1,,1,,0,,210,,2,,10,,0,,0,,0,,302,,0,,144,,25,,276,,4349,m,20,,131,h,2568,,40,,40,,40,,250,,40,,1,,1,,-90.0,dBm,3103,°C,6538,A,32.744,,-96.994,,0,,0,,0,,0,,0,,0,,0,,0,,0,,0,,0,,0,,0,,0,,0,,0,
48,Robot S6,5623efd1a51643aea4c6bcfd359b3591,30189368_ROBOT_S6.1_PVS_USA,2022-05-12 13:23:34,1,,0,,0,,0,,0,,1033,,1031,,2405,,5020,,33,g/5m,14,h,263,h,16377,A,19072,A,2761,A,0,,0,,0,,4212,°C,3433,°C,3640,°C,0,,0,,237,V,220,V,752510,m,1,,0,,122,,45,,0,,0,,0,,8,,1847,Ah,33,hours,64,,0,,5,,1,,1,,1,,1,,1,,70,,15,,70,,80,,30000,,0,,440,,0,,30000,,0,,9000,,0,,200,,0,,30000,,0,,0,,2350,,2,,1,,0,,1,,60,,20,,1,,1,,0,,210,,2,,10,,0,,0,,0,,302,,0,,144,,25,,276,,4350,m,16,,131,h,2569,,40,,40,,40,,250,,40,,1,,1,,-88.0,dBm,3120,°C,6572,A,32.744,,-96.994,,0,,0,,0,,0,,0,,0,,0,,0,,0,,0,,0,,0,,0,,0,,0,,0,
49,Robot S6,5623efd1a51643aea4c6bcfd359b3591,30189368_ROBOT_S6.1_PVS_USA,2022-05-12 13:44:00,1,,0,,0,,0,,0,,1033,,1031,,2405,,5020,,33,g/5m,14,h,263,h,16377,A,19072,A,2761,A,0,,0,,0,,4212,°C,3433,°C,3640,°C,0,,0,,237,V,220,V,752736,m,1,,0,,122,,45,,0,,0,,0,,8,,1847,Ah,33,hours,64,,0,,5,,1,,1,,1,,1,,1,,70,,15,,70,,80,,30000,,0,,440,,0,,30000,,0,,9000,,0,,200,,0,,30000,,0,,0,,2350,,2,,1,,0,,1,,60,,20,,1,,1,,0,,210,,2,,10,,0,,0,,0,,302,,0,,144,,25,,276,,4351,m,17,,131,h,2570,,40,,40,,40,,250,,40,,1,,1,,-88.0,dBm,3152,°C,6572,A,32.744,,-96.994,,0,,0,,0,,0,,0,,0,,0,,0,,0,,0,,0,,0,,0,,0,,0,,0,
0,Robot S6,e4f3c7b39e78df80bad3210d7c869119,30189370_ROBOT_S6.1_PVS_USA,2022-04-26 07:47:21,1,,0,,0,,0,,0,,1033,,1031,,2405,,5020,,33,g/5m,19,h,675,h,16003,A,19734,A,1791,A,0,,0,,0,,3119,°C,2681,°C,2841,°C,0,,0,,236,V,220,V,1798555,m,1,,0,,357,,156,,0,,0,,0,,8,,2688,Ah,38,hours,64,,0,,5,,1,,1,,1,,0,,1,,70,,15,,70,,60,,30000,,0,,440,,0,,30000,,0,,9000,,0,,200,,0,,30000,,0,,0,,2350,,2,,1,,0,,1,,60,,20,,1,,1,,0,,210,,2,,10,,0,,0,,0,,302,,0,,443,,49,,369,,15794,m,27,,372,h,9649,,19,,19,,19,,342,,19,,1,,1,,-92.0,dBm,2469,°C,6472,A,,,,,0,,0,,0,,0,,0,,0,,0,,0,,0,,0,,0,,0,,0,,0,,0,,0,
1,Robot S6,e4f3c7b39e78df80bad3210d7c869119,30189370_ROBOT_S6.1_PVS_USA,2022-04-26 08:25:05,1,,0,,0,,0,,0,,1033,,1031,,2405,,5020,,33,g/5m,19,h,675,h,17492,A,18824,A,6960,A,0,,0,,0,,3867,°C,3172,°C,3386,°C,0,,0,,236,V,220,V,1799219,m,1,,0,,357,,156,,0,,0,,0,,8,,2688,Ah,38,hours,64,,0,,5,,1,,1,,1,,0,,1,,70,,15,,70,,60,,30000,,0,,440,,0,,30000,,0,,9000,,0,,200,,0,,30000,,0,,0,,2350,,2,,1,,0,,1,,60,,20,,1,,1,,0,,210,,2,,10,,0,,0,,0,,302,,0,,443,,50,,370,,15798,m,54,,372,h,9651,,19,,19,,19,,342,,19,,1,,1,,-104.0,dBm,2835,°C,6638,A,,,,,0,,0,,0,,0,,0,,0,,0,,0,,0,,0,,0,,0,,0,,0,,0,,0,
2,Robot S6,e4f3c7b39e78df80bad3210d7c869119,30189370_ROBOT_S6.1_PVS_USA,2022-04-26 08:33:58,1,,0,,0,,0,,0,,1033,,1031,,2405,,5020,,33,g/5m,19,h,675,h,17492,A,19233,A,6960,A,0,,0,,0,,3867,°C,3315,°C,3595,°C,0,,0,,236,V,220,V,1799550,m,1,,0,,357,,156,,0,,0,,0,,8,,2688,Ah,38,hours,64,,0,,5,,1,,1,,1,,0,,1,,70,,15,,70,,60,,30000,,0,,440,,0,,30000,,0,,9000,,0,,200,,0,,30000,,0,,0,,2350,,2,,1,,0,,1,,60,,20,,1,,1,,0,,210,,2,,10,,0,,0,,0,,302,,0,,443,,50,,370,,15800,m,27,,372,h,9652,,19,,19,,19,,342,,19,,1,,1,,-102.0,dBm,2923,°C,6638,A,,,,,0,,0,,0,,0,,0,,0,,0,,0,,0,,0,,0,,0,,0,,0,,0,,0,
3,Robot S6,e4f3c7b39e78df80bad3210d7c869119,30189370_ROBOT_S6.1_PVS_USA,2022-04-26 08:40:27,1,,0,,0,,0,,0,,1033,,1031,,2405,,5020,,33,g/5m,19,h,675,h,17492,A,19233,A,6960,A,0,,0,,0,,3947,°C,3426,°C,3771,°C,0,,0,,236,V,220,V,1799879,m,1,,0,,357,,156,,0,,0,,0,,8,,2688,Ah,38,hours,64,,0,,5,,1,,1,,1,,0,,1,,70,,15,,70,,60,,30000,,0,,440,,0,,30000,,0,,9000,,0,,200,,0,,30000,,0,,0,,2350,,2,,1,,0,,1,,60,,20,,1,,1,,0,,210,,2,,10,,0,,0,,0,,302,,0,,443,,50,,370,,15803,m,27,,372,h,9653,,19,,19,,19,,342,,19,,1,,1,,-104.0,dBm,2989,°C,6638,A,,,,,0,,0,,0,,0,,0,,0,,0,,0,,0,,0,,0,,0,,0,,0,,0,,0,
4,Robot S6,e4f3c7b39e78df80bad3210d7c869119,30189370_ROBOT_S6.1_PVS_USA,2022-04-26 09:30:28,1,,0,,0,,0,,0,,1033,,1031,,2405,,5020,,33,g/5m,19,h,676,h,17492,A,19233,A,6960,A,0,,0,,0,,3951,°C,3426,°C,3778,°C,0,,0,,236,V,220,V,1800204,m,1,,0,,357,,156,,0,,0,,0,,8,,2688,Ah,38,hours,64,,0,,5,,1,,1,,1,,0,,1,,70,,15,,70,,60,,30000,,0,,440,,0,,30000,,0,,9000,,0,,200,,0,,30000,,0,,0,,2350,,2,,1,,0,,1,,60,,20,,1,,1,,0,,210,,2,,10,,0,,0,,0,,302,,0,,443,,50,,370,,15805,m,27,,372,h,9654,,19,,19,,19,,342,,19,,1,,1,,-104.0,dBm,2992,°C,6638,A,,,,,0,,0,,0,,0,,0,,0,,0,,0,,0,,0,,0,,0,,0,,0,,0,,0,
5,Robot S6,e4f3c7b39e78df80bad3210d7c869119,30189370_ROBOT_S6.1_PVS_USA,2022-04-26 10:10:25,1,,0,,0,,0,,0,,1033,,1031,,2405,,5020,,33,g/5m,19,h,676,h,17492,A,19937,A,6960,A,0,,0,,0,,3951,°C,3426,°C,3778,°C,0,,0,,236,V,220,V,1800529,m,1,,0,,357,,156,,0,,0,,0,,8,,2688,Ah,38,hours,64,,0,,5,,1,,1,,1,,0,,1,,70,,15,,70,,60,,30000,,0,,440,,0,,30000,,0,,9000,,0,,200,,0,,30000,,0,,0,,2350,,2,,1,,0,,1,,60,,20,,1,,1,,0,,210,,2,,10,,0,,0,,0,,302,,0,,443,,50,,370,,15807,m,27,,372,h,9655,,19,,19,,19,,342,,19,,1,,1,,-104.0,dBm,2992,°C,6638,A,,,,,0,,0,,0,,0,,0,,0,,0,,0,,0,,0,,0,,0,,0,,0,,0,,0,
6,Robot S6,e4f3c7b39e78df80bad3210d7c869119,30189370_ROBOT_S6.1_PVS_USA,2022-04-26 10:22:07,1,,0,,0,,0,,0,,1033,,1031,,2405,,5020,,33,g/5m,19,h,676,h,17492,A,19937,A,6960,A,0,,0,,0,,3951,°C,3426,°C,3778,°C,0,,0,,236,V,220,V,1800855,m,1,,0,,357,,156,,0,,0,,0,,8,,2688,Ah,38,hours,64,,0,,5,,1,,1,,1,,0,,1,,70,,15,,70,,60,,30000,,0,,440,,0,,30000,,0,,9000,,0,,200,,0,,30000,,0,,0,,2350,,2,,1,,0,,1,,60,,20,,1,,1,,0,,210,,2,,10,,0,,0,,0,,302,,0,,443,,50,,370,,15809,m,27,,373,h,9656,,19,,19,,19,,342,,19,,1,,1,,-106.0,dBm,2992,°C,6638,A,,,,,0,,0,,0,,0,,0,,0,,0,,0,,0,,0,,0,,0,,0,,0,,0,,0,
7,Robot S6,e4f3c7b39e78df80bad3210d7c869119,30189370_ROBOT_S6.1_PVS_USA,2022-04-26 10:26:51,1,,0,,0,,0,,0,,1033,,1031,,2405,,5020,,33,g/5m,19,h,676,h,17492,A,19937,A,6960,A,0,,0,,0,,4099,°C,3484,°C,3833,°C,0,,0,,236,V,220,V,1801180,m,1,,0,,357,,156,,0,,0,,0,,8,,2688,Ah,38,hours,64,,0,,5,,1,,1,,1,,0,,1,,70,,15,,70,,60,,30000,,0,,440,,0,,30000,,0,,9000,,0,,200,,0,,30000,,0,,0,,2350,,2,,1,,0,,1,,60,,20,,1,,1,,0,,210,,2,,10,,0,,0,,0,,302,,0,,443,,50,,370,,15811,m,27,,373,h,9657,,19,,19,,19,,342,,19,,1,,1,,-104.0,dBm,3025,°C,6638,A,,,,,0,,0,,0,,0,,0,,0,,0,,0,,0,,0,,0,,0,,0,,0,,0,,0,
8,Robot S6,e4f3c7b39e78df80bad3210d7c869119,30189370_ROBOT_S6.1_PVS_USA,2022-04-26 10:41:16,1,,0,,0,,0,,0,,1033,,1031,,2405,,5020,,33,g/5m,19,h,676,h,17492,A,19937,A,6960,A,0,,0,,0,,4099,°C,3556,°C,3838,°C,0,,0,,236,V,220,V,1801505,m,1,,0,,357,,156,,0,,0,,0,,8,,2688,Ah,38,hours,64,,0,,5,,1,,1,,1,,0,,1,,70,,15,,70,,60,,30000,,0,,440,,0,,30000,,0,,9000,,0,,200,,0,,30000,,0,,0,,2350,,2,,1,,0,,1,,60,,20,,1,,1,,0,,210,,2,,10,,0,,0,,0,,302,,0,,443,,50,,370,,15813,m,27,,373,h,9658,,19,,19,,19,,342,,19,,1,,1,,-104.0,dBm,3061,°C,6638,A,,,,,0,,0,,0,,0,,0,,0,,0,,0,,0,,0,,0,,0,,0,,0,,0,,0,
9,Robot S6,e4f3c7b39e78df80bad3210d7c869119,30189370_ROBOT_S6.1_PVS_USA,2022-04-26 10:49:55,1,,0,,0,,0,,0,,1033,,1031,,2405,,5020,,33,g/5m,19,h,677,h,17492,A,19937,A,6960,A,0,,0,,0,,4099,°C,3616,°C,3898,°C,0,,0,,236,V,220,V,1801845,m,1,,0,,357,,156,,0,,0,,0,,8,,2688,Ah,38,hours,64,,0,,5,,1,,1,,1,,0,,1,,70,,15,,70,,60,,30000,,0,,440,,0,,30000,,0,,9000,,0,,200,,0,,30000,,0,,0,,2350,,2,,1,,0,,1,,60,,20,,1,,1,,0,,210,,2,,10,,0,,0,,0,,302,,0,,443,,50,,370,,15815,m,27,,373,h,9659,,19,,19,,19,,342,,19,,1,,1,,-104.0,dBm,3106,°C,6638,A,,,,,0,,0,,0,,0,,0,,0,,0,,0,,0,,0,,0,,0,,0,,0,,0,,0,
10,Robot S6,e4f3c7b39e78df80bad3210d7c869119,30189370_ROBOT_S6.1_PVS_USA,2022-04-26 10:56:12,1,,0,,0,,0,,0,,1033,,1031,,2405,,5020,,33,g/5m,19,h,677,h,17492,A,19937,A,6960,A,0,,0,,0,,4162,°C,3679,°C,4037,°C,0,,0,,236,V,220,V,1802176,m,1,,0,,357,,156,,0,,0,,0,,8,,2688,Ah,38,hours,64,,0,,5,,1,,1,,1,,0,,1,,70,,15,,70,,60,,30000,,0,,440,,0,,30000,,0,,9000,,0,,200,,0,,30000,,0,,0,,2350,,2,,1,,0,,1,,60,,20,,1,,1,,0,,210,,2,,10,,0,,0,,0,,302,,0,,443,,50,,370,,15817,m,27,,373,h,9660,,19,,19,,19,,342,,19,,1,,1,,-102.0,dBm,3151,°C,6638,A,,,,,0,,0,,0,,0,,0,,0,,0,,0,,0,,0,,0,,0,,0,,0,,0,,0,
11,Robot S6,e4f3c7b39e78df80bad3210d7c869119,30189370_ROBOT_S6.1_PVS_USA,2022-04-26 11:37:24,1,,0,,0,,0,,0,,1033,,1031,,2405,,5020,,33,g/5m,19,h,677,h,17492,A,19937,A,6960,A,0,,0,,0,,4168,°C,3679,°C,4042,°C,0,,0,,236,V,220,V,1802500,m,1,,0,,357,,156,,0,,0,,0,,8,,2688,Ah,38,hours,64,,0,,5,,1,,1,,1,,0,,1,,70,,15,,70,,60,,30000,,0,,440,,0,,30000,,0,,9000,,0,,200,,0,,30000,,0,,0,,2350,,2,,1,,0,,1,,60,,20,,1,,1,,0,,210,,2,,10,,0,,0,,0,,302,,0,,443,,50,,370,,15819,m,27,,373,h,9661,,19,,19,,19,,342,,19,,1,,1,,-104.0,dBm,3154,°C,6638,A,,,,,0,,0,,0,,0,,0,,0,,0,,0,,0,,0,,0,,0,,0,,0,,0,,0,
12,Robot S6,e4f3c7b39e78df80bad3210d7c869119,30189370_ROBOT_S6.1_PVS_USA,2022-04-26 11:45:16,1,,0,,0,,0,,0,,1033,,1031,,2405,,5020,,33,g/5m,19,h,677,h,17492,A,19937,A,6960,A,0,,0,,0,,4168,°C,3679,°C,4042,°C,0,,0,,236,V,220,V,1802826,m,1,,0,,357,,156,,0,,0,,0,,8,,2688,Ah,38,hours,64,,0,,5,,1,,1,,1,,0,,1,,70,,15,,70,,60,,30000,,0,,440,,0,,30000,,0,,9000,,0,,200,,0,,30000,,0,,0,,2350,,2,,1,,0,,1,,60,,20,,1,,1,,0,,210,,2,,10,,0,,0,,0,,302,,0,,443,,50,,370,,15822,m,27,,373,h,9662,,19,,19,,19,,342,,19,,1,,1,,-106.0,dBm,3154,°C,6638,A,,,,,0,,0,,0,,0,,0,,0,,0,,0,,0,,0,,0,,0,,0,,0,,0,,0,
13,Robot S6,e4f3c7b39e78df80bad3210d7c869119,30189370_ROBOT_S6.1_PVS_USA,2022-04-26 11:52:35,1,,0,,0,,0,,0,,1033,,1031,,2405,,5020,,33,g/5m,19,h,677,h,17492,A,19937,A,6960,A,0,,0,,0,,4168,°C,3679,°C,4042,°C,0,,0,,236,V,220,V,1803132,m,1,,0,,357,,156,,0,,0,,0,,8,,2688,Ah,38,hours,64,,0,,5,,1,,1,,1,,0,,1,,70,,15,,70,,60,,30000,,0,,440,,0,,30000,,0,,9000,,0,,200,,0,,30000,,0,,0,,2350,,2,,1,,0,,1,,60,,20,,1,,1,,0,,210,,2,,10,,0,,0,,0,,302,,0,,443,,50,,370,,15823,m,24,,373,h,9663,,19,,19,,19,,342,,19,,1,,1,,-102.0,dBm,3154,°C,6638,A,,,,,0,,0,,0,,0,,0,,0,,0,,0,,0,,0,,0,,0,,0,,0,,0,,0,
14,Robot S6,e4f3c7b39e78df80bad3210d7c869119,30189370_ROBOT_S6.1_PVS_USA,2022-04-26 12:01:23,1,,0,,0,,0,,0,,1033,,1031,,2405,,5020,,33,g/5m,19,h,677,h,17492,A,19937,A,6960,A,0,,0,,0,,4168,°C,3679,°C,4042,°C,0,,0,,236,V,220,V,1803452,m,1,,0,,357,,156,,0,,0,,0,,8,,2688,Ah,38,hours,64,,0,,5,,1,,1,,1,,0,,1,,70,,15,,70,,60,,30000,,0,,440,,0,,30000,,0,,9000,,0,,200,,0,,30000,,0,,0,,2350,,2,,1,,0,,1,,60,,20,,1,,1,,0,,210,,2,,10,,0,,0,,0,,302,,0,,443,,50,,370,,15825,m,25,,373,h,9664,,19,,19,,19,,342,,19,,1,,1,,-104.0,dBm,3154,°C,6638,A,,,,,0,,0,,0,,0,,0,,0,,0,,0,,0,,0,,0,,0,,0,,0,,0,,0,
15,Robot S6,e4f3c7b39e78df80bad3210d7c869119,30189370_ROBOT_S6.1_PVS_USA,2022-04-26 12:06:21,1,,0,,0,,0,,0,,1033,,1031,,2405,,5020,,33,g/5m,19,h,677,h,17492,A,19937,A,6960,A,0,,0,,0,,4310,°C,3709,°C,4119,°C,0,,0,,236,V,220,V,1803783,m,1,,0,,357,,156,,0,,0,,0,,8,,2688,Ah,38,hours,64,,0,,5,,1,,1,,1,,0,,1,,70,,15,,70,,60,,30000,,0,,440,,0,,30000,,0,,9000,,0,,200,,0,,30000,,0,,0,,2350,,2,,1,,0,,1,,60,,20,,1,,1,,0,,210,,2,,10,,0,,0,,0,,302,,0,,443,,50,,370,,15827,m,27,,373,h,9665,,19,,19,,19,,342,,19,,1,,1,,-104.0,dBm,3174,°C,6638,A,,,,,0,,0,,0,,0,,0,,0,,0,,0,,0,,0,,0,,0,,0,,0,,0,,0,
16,Robot S6,e4f3c7b39e78df80bad3210d7c869119,30189370_ROBOT_S6.1_PVS_USA,2022-04-26 12:12:35,1,,0,,0,,0,,0,,1033,,1031,,2405,,5020,,33,g/5m,19,h,677,h,17492,A,19937,A,6960,A,0,,0,,0,,4328,°C,3773,°C,4187,°C,0,,0,,236,V,220,V,1804112,m,1,,0,,357,,156,,0,,0,,0,,8,,2688,Ah,38,hours,64,,0,,5,,1,,1,,1,,0,,1,,70,,15,,70,,60,,30000,,0,,440,,0,,30000,,0,,9000,,0,,200,,0,,30000,,0,,0,,2350,,2,,1,,0,,1,,60,,20,,1,,1,,0,,210,,2,,10,,0,,0,,0,,302,,0,,443,,50,,370,,15830,m,27,,373,h,9666,,19,,19,,19,,342,,19,,1,,1,,-106.0,dBm,3206,°C,6638,A,,,,,0,,0,,0,,0,,0,,0,,0,,0,,0,,0,,0,,0,,0,,0,,0,,0,
17,Robot S6,e4f3c7b39e78df80bad3210d7c869119,30189370_ROBOT_S6.1_PVS_USA,2022-04-26 12:16:37,1,,0,,0,,0,,0,,1033,,1031,,2405,,5020,,33,g/5m,19,h,677,h,17492,A,19937,A,6960,A,0,,0,,0,,4450,°C,3820,°C,4327,°C,0,,0,,236,V,220,V,1804408,m,1,,0,,357,,156,,0,,0,,0,,8,,2688,Ah,38,hours,64,,0,,5,,1,,1,,1,,0,,1,,70,,15,,70,,60,,30000,,0,,440,,0,,30000,,0,,9000,,0,,200,,0,,30000,,0,,0,,2350,,2,,1,,0,,1,,60,,20,,1,,1,,0,,210,,2,,10,,0,,0,,0,,302,,0,,443,,50,,370,,15831,m,24,,373,h,9667,,19,,19,,19,,342,,19,,1,,1,,-102.0,dBm,3247,°C,6638,A,,,,,0,,0,,0,,0,,0,,0,,0,,0,,0,,0,,0,,0,,0,,0,,0,,0,
18,Robot S6,e4f3c7b39e78df80bad3210d7c869119,30189370_ROBOT_S6.1_PVS_USA,2022-04-26 12:25:44,1,,0,,0,,0,,0,,1033,,1031,,2405,,5020,,33,g/5m,19,h,677,h,17492,A,19937,A,6960,A,0,,0,,0,,4454,°C,3826,°C,4330,°C,0,,0,,236,V,220,V,1804722,m,1,,0,,357,,156,,0,,0,,0,,8,,2688,Ah,38,hours,64,,0,,5,,1,,1,,1,,0,,1,,70,,15,,70,,60,,30000,,0,,440,,0,,30000,,0,,9000,,0,,200,,0,,30000,,0,,0,,2350,,2,,1,,0,,1,,60,,20,,1,,1,,0,,210,,2,,10,,0,,0,,0,,302,,0,,443,,50,,370,,15833,m,25,,373,h,9668,,19,,19,,19,,342,,19,,1,,1,,-104.0,dBm,3249,°C,6638,A,,,,,0,,0,,0,,0,,0,,0,,0,,0,,0,,0,,0,,0,,0,,0,,0,,0,
19,Robot S6,e4f3c7b39e78df80bad3210d7c869119,30189370_ROBOT_S6.1_PVS_USA,2022-04-26 12:31:50,1,,0,,0,,0,,0,,1033,,1031,,2405,,5020,,33,g/5m,19,h,677,h,17492,A,20554,A,6960,A,0,,0,,0,,4454,°C,3873,°C,4330,°C,0,,0,,236,V,220,V,1805051,m,1,,0,,357,,156,,0,,0,,0,,8,,2688,Ah,38,hours,64,,0,,5,,1,,1,,1,,0,,1,,70,,15,,70,,60,,30000,,0,,440,,0,,30000,,0,,9000,,0,,200,,0,,30000,,0,,0,,2350,,2,,1,,0,,1,,60,,20,,1,,1,,0,,210,,2,,10,,0,,0,,0,,302,,0,,443,,50,,370,,15835,m,27,,373,h,9669,,19,,19,,19,,342,,19,,1,,1,,-104.0,dBm,3272,°C,6638,A,,,,,0,,0,,0,,0,,0,,0,,0,,0,,0,,0,,0,,0,,0,,0,,0,,0,
20,Robot S6,e4f3c7b39e78df80bad3210d7c869119,30189370_ROBOT_S6.1_PVS_USA,2022-04-26 12:38:51,1,,0,,0,,0,,0,,1033,,1031,,2405,,5020,,33,g/5m,19,h,677,h,17492,A,20554,A,6960,A,0,,0,,0,,4454,°C,3898,°C,4330,°C,0,,0,,236,V,220,V,1805384,m,1,,0,,357,,156,,0,,0,,0,,8,,2688,Ah,38,hours,64,,0,,5,,1,,1,,1,,0,,1,,70,,15,,70,,60,,30000,,0,,440,,0,,30000,,0,,9000,,0,,200,,0,,30000,,0,,0,,2350,,2,,1,,0,,1,,60,,20,,1,,1,,0,,210,,2,,10,,0,,0,,0,,302,,0,,443,,50,,370,,15837,m,27,,373,h,9670,,19,,19,,19,,342,,19,,1,,1,,-104.0,dBm,3285,°C,6638,A,,,,,0,,0,,0,,0,,0,,0,,0,,0,,0,,0,,0,,0,,0,,0,,0,,0,
21,Robot S6,e4f3c7b39e78df80bad3210d7c869119,30189370_ROBOT_S6.1_PVS_USA,2022-04-26 12:42:57,1,,0,,0,,0,,0,,1033,,1031,,2405,,5020,,33,g/5m,19,h,677,h,17492,A,20554,A,6960,A,0,,0,,0,,4551,°C,3949,°C,4461,°C,0,,0,,236,V,220,V,1805716,m,1,,0,,357,,156,,0,,0,,0,,8,,2688,Ah,38,hours,64,,0,,5,,1,,1,,1,,0,,1,,70,,15,,70,,60,,30000,,0,,440,,0,,30000,,0,,9000,,0,,200,,0,,30000,,0,,0,,2350,,2,,1,,0,,1,,60,,20,,1,,1,,0,,210,,2,,10,,0,,0,,0,,302,,0,,443,,50,,370,,15839,m,27,,373,h,9671,,19,,19,,19,,342,,19,,1,,1,,-106.0,dBm,3320,°C,6638,A,,,,,0,,0,,0,,0,,0,,0,,0,,0,,0,,0,,0,,0,,0,,0,,0,,0,
22,Robot S6,e4f3c7b39e78df80bad3210d7c869119,30189370_ROBOT_S6.1_PVS_USA,2022-04-26 13:48:31,1,,0,,0,,0,,0,,1033,,1031,,2405,,5020,,33,g/5m,19,h,678,h,17492,A,20554,A,6960,A,0,,0,,0,,4551,°C,3949,°C,4465,°C,0,,0,,236,V,220,V,1806069,m,1,,0,,357,,156,,0,,0,,0,,8,,2688,Ah,38,hours,64,,0,,5,,1,,1,,1,,0,,1,,70,,15,,70,,60,,30000,,0,,440,,0,,30000,,0,,9000,,0,,200,,0,,30000,,0,,0,,2350,,2,,1,,0,,1,,60,,20,,1,,1,,0,,210,,2,,10,,0,,0,,0,,302,,0,,443,,50,,370,,15842,m,29,,373,h,9672,,19,,19,,19,,342,,19,,1,,1,,-104.0,dBm,3321,°C,6638,A,,,,,0,,0,,0,,0,,0,,0,,0,,0,,0,,0,,0,,0,,0,,0,,0,,0,
23,Robot S6,e4f3c7b39e78df80bad3210d7c869119,30189370_ROBOT_S6.1_PVS_USA,2022-04-26 13:55:01,1,,0,,0,,0,,0,,1033,,1031,,2405,,5020,,33,g/5m,19,h,678,h,17492,A,20554,A,6960,A,0,,0,,0,,4551,°C,3949,°C,4465,°C,0,,0,,236,V,220,V,1806409,m,1,,0,,357,,156,,0,,0,,0,,8,,2688,Ah,38,hours,64,,0,,5,,1,,1,,1,,0,,1,,70,,15,,70,,60,,30000,,0,,440,,0,,30000,,0,,9000,,0,,200,,0,,30000,,0,,0,,2350,,2,,1,,0,,1,,60,,20,,1,,1,,0,,210,,2,,10,,0,,0,,0,,302,,0,,443,,50,,370,,15844,m,28,,373,h,9673,,19,,19,,19,,342,,19,,1,,1,,-108.0,dBm,3321,°C,6638,A,,,,,0,,0,,0,,0,,0,,0,,0,,0,,0,,0,,0,,0,,0,,0,,0,,0,
24,Robot S6,e4f3c7b39e78df80bad3210d7c869119,30189370_ROBOT_S6.1_PVS_USA,2022-04-26 14:33:19,1,,0,,0,,0,,0,,1033,,1031,,2405,,5020,,33,g/5m,19,h,678,h,17492,A,20554,A,6960,A,0,,0,,0,,4551,°C,3949,°C,4465,°C,0,,0,,236,V,220,V,1806738,m,1,,0,,357,,156,,0,,0,,0,,8,,2688,Ah,38,hours,64,,0,,5,,1,,1,,1,,0,,1,,70,,15,,70,,60,,30000,,0,,440,,0,,30000,,0,,9000,,0,,200,,0,,30000,,0,,0,,2350,,2,,1,,0,,1,,60,,20,,1,,1,,0,,210,,2,,10,,0,,0,,0,,302,,0,,443,,50,,370,,15846,m,27,,374,h,9674,,19,,19,,19,,342,,19,,1,,1,,-104.0,dBm,3321,°C,6638,A,,,,,0,,0,,0,,0,,0,,0,,0,,0,,0,,0,,0,,0,,0,,0,,0,,0,
25,Robot S6,e4f3c7b39e78df80bad3210d7c869119,30189370_ROBOT_S6.1_PVS_USA,2022-04-26 14:39:36,1,,0,,0,,0,,0,,1033,,1031,,2405,,5020,,33,g/5m,19,h,678,h,17492,A,20554,A,6960,A,0,,0,,0,,4551,°C,3949,°C,4465,°C,0,,0,,236,V,220,V,1807066,m,1,,0,,357,,156,,0,,0,,0,,8,,2688,Ah,38,hours,64,,0,,5,,1,,1,,1,,0,,1,,70,,15,,70,,60,,30000,,0,,440,,0,,30000,,0,,9000,,0,,200,,0,,30000,,0,,0,,2350,,2,,1,,0,,1,,60,,20,,1,,1,,0,,210,,2,,10,,0,,0,,0,,302,,0,,443,,50,,370,,15848,m,27,,374,h,9675,,19,,19,,19,,342,,19,,1,,1,,-104.0,dBm,3321,°C,6638,A,,,,,0,,0,,0,,0,,0,,0,,0,,0,,0,,0,,0,,0,,0,,0,,0,,0,
26,Robot S6,e4f3c7b39e78df80bad3210d7c869119,30189370_ROBOT_S6.1_PVS_USA,2022-04-26 14:43:49,1,,0,,0,,0,,0,,1033,,1031,,2405,,5020,,33,g/5m,19,h,678,h,17492,A,20554,A,6960,A,0,,0,,0,,4551,°C,3949,°C,4465,°C,0,,0,,236,V,220,V,1807353,m,1,,0,,357,,156,,0,,0,,0,,8,,2688,Ah,38,hours,64,,0,,5,,1,,1,,1,,0,,1,,70,,15,,70,,60,,30000,,0,,440,,0,,30000,,0,,9000,,0,,200,,0,,30000,,0,,0,,2350,,2,,1,,0,,1,,60,,20,,1,,1,,0,,210,,2,,10,,0,,0,,0,,302,,0,,443,,50,,370,,15850,m,24,,374,h,9676,,19,,19,,19,,342,,19,,1,,1,,-104.0,dBm,3321,°C,6638,A,,,,,0,,0,,0,,0,,0,,0,,0,,0,,0,,0,,0,,0,,0,,0,,0,,0,
27,Robot S6,e4f3c7b39e78df80bad3210d7c869119,30189370_ROBOT_S6.1_PVS_USA,2022-04-26 15:44:10,1,,0,,0,,0,,0,,1033,,1031,,2405,,5020,,33,g/5m,19,h,679,h,17773,A,20554,A,6960,A,0,,0,,0,,4551,°C,3949,°C,4465,°C,0,,0,,236,V,220,V,1807685,m,1,,0,,357,,156,,0,,0,,0,,8,,2688,Ah,38,hours,64,,0,,5,,1,,1,,1,,0,,1,,70,,15,,70,,60,,30000,,0,,440,,0,,30000,,0,,9000,,0,,200,,0,,30000,,0,,0,,2350,,2,,1,,0,,1,,60,,20,,1,,1,,0,,210,,2,,10,,0,,0,,0,,302,,0,,443,,50,,370,,15852,m,25,,374,h,9677,,19,,19,,19,,342,,19,,1,,1,,-104.0,dBm,3321,°C,6638,A,,,,,0,,0,,0,,0,,0,,0,,0,,0,,0,,0,,0,,0,,0,,0,,0,,0,
28,Robot S6,e4f3c7b39e78df80bad3210d7c869119,30189370_ROBOT_S6.1_PVS_USA,2022-04-26 15:52:18,1,,0,,0,,0,,0,,1033,,1031,,2405,,5020,,33,g/5m,19,h,679,h,17773,A,20554,A,6960,A,0,,0,,0,,4551,°C,3949,°C,4465,°C,0,,0,,236,V,220,V,1808019,m,1,,0,,357,,156,,0,,0,,0,,8,,2688,Ah,38,hours,64,,0,,5,,1,,1,,1,,0,,1,,70,,15,,70,,60,,30000,,0,,440,,0,,30000,,0,,9000,,0,,200,,0,,30000,,0,,0,,2350,,2,,1,,0,,1,,60,,20,,1,,1,,0,,210,,2,,10,,0,,0,,0,,302,,0,,443,,50,,370,,15854,m,25,,374,h,9678,,19,,19,,19,,342,,19,,1,,1,,-104.0,dBm,3321,°C,6638,A,,,,,0,,0,,0,,0,,0,,0,,0,,0,,0,,0,,0,,0,,0,,0,,0,,0,
29,Robot S6,e4f3c7b39e78df80bad3210d7c869119,30189370_ROBOT_S6.1_PVS_USA,2022-04-26 16:04:41,1,,0,,0,,0,,0,,1033,,1031,,2405,,5020,,33,g/5m,19,h,679,h,17773,A,20554,A,7172,A,0,,0,,0,,4551,°C,3949,°C,4465,°C,0,,0,,236,V,220,V,1808355,m,1,,0,,357,,156,,0,,0,,0,,8,,2688,Ah,38,hours,64,,0,,5,,1,,1,,1,,0,,1,,70,,15,,70,,60,,30000,,0,,440,,0,,30000,,0,,9000,,0,,200,,0,,30000,,0,,0,,2350,,2,,1,,0,,1,,60,,20,,1,,1,,0,,210,,2,,10,,0,,0,,0,,302,,0,,443,,50,,370,,15855,m,25,,374,h,9679,,19,,19,,19,,342,,19,,1,,1,,-106.0,dBm,3321,°C,6638,A,,,,,0,,0,,0,,0,,0,,0,,0,,0,,0,,0,,0,,0,,0,,0,,0,,0,
30,Robot S6,e4f3c7b39e78df80bad3210d7c869119,30189370_ROBOT_S6.1_PVS_USA,2022-04-26 16:18:36,1,,0,,0,,0,,0,,1033,,1031,,2405,,5020,,33,g/5m,19,h,679,h,17773,A,20554,A,7172,A,0,,0,,0,,4551,°C,3949,°C,4465,°C,0,,0,,236,V,220,V,1808687,m,1,,0,,357,,156,,0,,0,,0,,8,,2688,Ah,38,hours,64,,0,,5,,1,,1,,1,,0,,1,,70,,15,,70,,60,,30000,,0,,440,,0,,30000,,0,,9000,,0,,200,,0,,30000,,0,,0,,2350,,2,,1,,0,,1,,60,,20,,1,,1,,0,,210,,2,,10,,0,,0,,0,,302,,0,,443,,50,,370,,15857,m,25,,374,h,9680,,19,,19,,19,,342,,19,,1,,1,,-102.0,dBm,3321,°C,6638,A,,,,,0,,0,,0,,0,,0,,0,,0,,0,,0,,0,,0,,0,,0,,0,,0,,0,
31,Robot S6,e4f3c7b39e78df80bad3210d7c869119,30189370_ROBOT_S6.1_PVS_USA,2022-04-27 02:22:50,1,,0,,0,,0,,0,,1033,,1031,,2405,,5020,,33,g/5m,19,h,679,h,17217,A,18063,A,6699,A,0,,0,,0,,3211,°C,2598,°C,2352,°C,0,,0,,236,V,220,V,1809441,m,1,,0,,357,,156,,0,,0,,0,,8,,2688,Ah,38,hours,64,,0,,5,,1,,1,,1,,0,,1,,70,,15,,70,,60,,30000,,0,,440,,0,,30000,,0,,9000,,0,,200,,0,,30000,,0,,0,,2350,,2,,1,,0,,1,,60,,20,,1,,1,,0,,210,,2,,10,,0,,0,,0,,302,,0,,443,,50,,372,,15860,m,29,,374,h,9681,,19,,19,,19,,342,,19,,1,,1,,-104.0,dBm,2355,°C,6184,A,,,,,0,,0,,0,,0,,0,,0,,0,,0,,0,,0,,0,,0,,0,,0,,0,,0,
32,Robot S6,e4f3c7b39e78df80bad3210d7c869119,30189370_ROBOT_S6.1_PVS_USA,2022-04-27 02:36:22,1,,0,,0,,0,,0,,1033,,1031,,2405,,5020,,33,g/5m,19,h,679,h,17217,A,18063,A,6699,A,0,,0,,0,,3516,°C,2896,°C,2514,°C,0,,0,,236,V,220,V,1810211,m,1,,0,,357,,156,,0,,0,,0,,8,,2688,Ah,38,hours,64,,0,,5,,1,,1,,1,,0,,1,,70,,15,,70,,60,,30000,,0,,440,,0,,30000,,0,,9000,,0,,200,,0,,30000,,0,,0,,2350,,2,,1,,0,,1,,60,,20,,1,,1,,0,,210,,2,,10,,0,,0,,0,,302,,0,,443,,50,,372,,15862,m,30,,374,h,9682,,19,,19,,19,,342,,19,,1,,1,,-104.0,dBm,2494,°C,8934,A,,,,,0,,0,,0,,0,,0,,0,,0,,0,,0,,0,,0,,0,,0,,0,,0,,0,
33,Robot S6,e4f3c7b39e78df80bad3210d7c869119,30189370_ROBOT_S6.1_PVS_USA,2022-04-27 02:41:07,1,,0,,0,,0,,0,,1033,,1031,,2405,,5020,,33,g/5m,19,h,679,h,17217,A,18063,A,6699,A,0,,0,,0,,3860,°C,3052,°C,2582,°C,0,,0,,236,V,220,V,1810978,m,1,,0,,357,,156,,0,,0,,0,,8,,2688,Ah,38,hours,64,,0,,5,,1,,1,,1,,0,,1,,70,,15,,70,,60,,30000,,0,,440,,0,,30000,,0,,9000,,0,,200,,0,,30000,,0,,0,,2350,,2,,1,,0,,1,,60,,20,,1,,1,,0,,210,,2,,10,,0,,0,,0,,302,,0,,443,,50,,372,,15864,m,30,,374,h,9683,,19,,19,,19,,342,,19,,1,,1,,-104.0,dBm,2558,°C,8934,A,,,,,0,,0,,0,,0,,0,,0,,0,,0,,0,,0,,0,,0,,0,,0,,0,,0,
34,Robot S6,e4f3c7b39e78df80bad3210d7c869119,30189370_ROBOT_S6.1_PVS_USA,2022-04-27 02:47:31,1,,0,,0,,0,,0,,1033,,1031,,2405,,5020,,33,g/5m,19,h,679,h,17217,A,19316,A,6699,A,0,,0,,0,,4033,°C,3201,°C,2659,°C,0,,0,,236,V,220,V,1811742,m,1,,0,,357,,156,,0,,0,,0,,8,,2688,Ah,38,hours,64,,0,,5,,1,,1,,1,,0,,1,,70,,15,,70,,60,,30000,,0,,440,,0,,30000,,0,,9000,,0,,200,,0,,30000,,0,,0,,2350,,2,,1,,0,,1,,60,,20,,1,,1,,0,,210,,2,,10,,0,,0,,0,,302,,0,,443,,50,,372,,15866,m,30,,374,h,9684,,19,,19,,19,,342,,19,,1,,1,,-104.0,dBm,2627,°C,8934,A,,,,,0,,0,,0,,0,,0,,0,,0,,0,,0,,0,,0,,0,,0,,0,,0,,0,
35,Robot S6,e4f3c7b39e78df80bad3210d7c869119,30189370_ROBOT_S6.1_PVS_USA,2022-04-27 03:02:43,1,,0,,0,,0,,0,,1033,,1031,,2405,,5020,,33,g/5m,19,h,680,h,17217,A,19316,A,7737,A,0,,0,,0,,4039,°C,3307,°C,2813,°C,0,,0,,236,V,220,V,1812523,m,1,,0,,357,,156,,0,,0,,0,,8,,2688,Ah,38,hours,64,,0,,5,,1,,1,,1,,0,,1,,70,,15,,70,,60,,30000,,0,,440,,0,,30000,,0,,9000,,0,,200,,0,,30000,,0,,0,,2350,,2,,1,,0,,1,,60,,20,,1,,1,,0,,210,,2,,10,,0,,0,,0,,302,,0,,443,,50,,372,,15868,m,30,,374,h,9685,,19,,19,,19,,342,,19,,1,,1,,-104.0,dBm,2728,°C,8934,A,,,,,0,,0,,0,,0,,0,,0,,0,,0,,0,,0,,0,,0,,0,,0,,0,,0,
36,Robot S6,e4f3c7b39e78df80bad3210d7c869119,30189370_ROBOT_S6.1_PVS_USA,2022-04-27 03:14:11,1,,0,,0,,0,,0,,1033,,1031,,2405,,5020,,33,g/5m,19,h,680,h,17309,A,19316,A,7737,A,0,,0,,0,,4137,°C,3397,°C,2886,°C,0,,0,,236,V,220,V,1813283,m,1,,0,,357,,156,,0,,0,,0,,8,,2688,Ah,38,hours,64,,0,,5,,1,,1,,1,,0,,1,,70,,15,,70,,60,,30000,,0,,440,,0,,30000,,0,,9000,,0,,200,,0,,30000,,0,,0,,2350,,2,,1,,0,,1,,60,,20,,1,,1,,0,,210,,2,,10,,0,,0,,0,,302,,0,,443,,50,,372,,15871,m,30,,374,h,9686,,19,,19,,19,,342,,19,,1,,1,,-104.0,dBm,2791,°C,8934,A,,,,,0,,0,,0,,0,,0,,0,,0,,0,,0,,0,,0,,0,,0,,0,,0,,0,
37,Robot S6,e4f3c7b39e78df80bad3210d7c869119,30189370_ROBOT_S6.1_PVS_USA,2022-04-27 03:18:42,1,,0,,0,,0,,0,,1033,,1031,,2405,,5020,,33,g/5m,19,h,680,h,17309,A,19316,A,8574,A,0,,0,,0,,4319,°C,3497,°C,2923,°C,0,,0,,236,V,220,V,1814043,m,1,,0,,357,,156,,0,,0,,0,,8,,2688,Ah,38,hours,64,,0,,5,,1,,1,,1,,0,,1,,70,,15,,70,,60,,30000,,0,,440,,0,,30000,,0,,9000,,0,,200,,0,,30000,,0,,0,,2350,,2,,1,,0,,1,,60,,20,,1,,1,,0,,210,,2,,10,,0,,0,,0,,302,,0,,443,,50,,372,,15873,m,30,,374,h,9687,,19,,19,,19,,342,,19,,1,,1,,-104.0,dBm,2827,°C,8934,A,,,,,0,,0,,0,,0,,0,,0,,0,,0,,0,,0,,0,,0,,0,,0,,0,,0,
38,Robot S6,e4f3c7b39e78df80bad3210d7c869119,30189370_ROBOT_S6.1_PVS_USA,2022-04-27 03:23:25,1,,0,,0,,0,,0,,1033,,1031,,2405,,5020,,33,g/5m,19,h,680,h,17309,A,19316,A,8574,A,0,,0,,0,,4516,°C,3591,°C,2956,°C,0,,0,,236,V,220,V,1814808,m,1,,0,,357,,156,,0,,0,,0,,8,,2688,Ah,38,hours,64,,0,,5,,1,,1,,1,,0,,1,,70,,15,,70,,60,,30000,,0,,440,,0,,30000,,0,,9000,,0,,200,,0,,30000,,0,,0,,2350,,2,,1,,0,,1,,60,,20,,1,,1,,0,,210,,2,,10,,0,,0,,0,,302,,0,,443,,50,,372,,15875,m,30,,374,h,9688,,19,,19,,19,,342,,19,,1,,1,,-106.0,dBm,2857,°C,8934,A,,,,,0,,0,,0,,0,,0,,0,,0,,0,,0,,0,,0,,0,,0,,0,,0,,0,
39,Robot S6,e4f3c7b39e78df80bad3210d7c869119,30189370_ROBOT_S6.1_PVS_USA,2022-04-27 03:35:07,1,,0,,0,,0,,0,,1033,,1031,,2405,,5020,,33,g/5m,19,h,680,h,17309,A,19316,A,8574,A,0,,0,,0,,4516,°C,3619,°C,3025,°C,0,,0,,236,V,220,V,1815629,m,1,,0,,357,,156,,0,,0,,0,,8,,2688,Ah,38,hours,64,,0,,5,,1,,1,,1,,0,,1,,70,,15,,70,,60,,30000,,0,,440,,0,,30000,,0,,9000,,0,,200,,0,,30000,,0,,0,,2350,,2,,1,,0,,1,,60,,20,,1,,1,,0,,210,,2,,10,,0,,0,,0,,302,,0,,443,,50,,372,,15877,m,30,,374,h,9689,,19,,19,,19,,342,,19,,1,,1,,-106.0,dBm,2889,°C,8934,A,,,,,0,,0,,0,,0,,0,,0,,0,,0,,0,,0,,0,,0,,0,,0,,0,,0,
40,Robot S6,e4f3c7b39e78df80bad3210d7c869119,30189370_ROBOT_S6.1_PVS_USA,2022-04-27 05:11:19,1,,0,,0,,0,,0,,1033,,1031,,2405,,5020,,33,g/5m,19,h,680,h,17309,A,19316,A,8574,A,0,,0,,0,,4516,°C,3619,°C,3037,°C,0,,0,,236,V,220,V,1816398,m,1,,0,,357,,156,,0,,0,,0,,8,,98,Ah,0,hours,0,,0,,5,,1,,1,,1,,0,,1,,70,,15,,70,,60,,30000,,0,,440,,0,,30000,,0,,9000,,0,,200,,0,,30000,,0,,0,,2350,,2,,1,,0,,1,,60,,20,,1,,1,,0,,210,,2,,10,,0,,0,,0,,302,,0,,443,,50,,372,,15879,m,29,,374,h,9690,,19,,19,,19,,342,,19,,1,,1,,-104.0,dBm,2891,°C,8934,A,,,,,0,,0,,0,,0,,0,,0,,0,,0,,0,,0,,0,,0,,0,,0,,0,,0,
41,Robot S6,e4f3c7b39e78df80bad3210d7c869119,30189370_ROBOT_S6.1_PVS_USA,2022-04-27 05:15:47,1,,0,,0,,0,,0,,1033,,1031,,2405,,5020,,33,g/5m,19,h,680,h,17309,A,19316,A,8574,A,0,,0,,0,,4516,°C,3619,°C,3037,°C,0,,0,,236,V,220,V,1817088,m,1,,0,,357,,156,,0,,0,,0,,8,,98,Ah,0,hours,0,,0,,5,,1,,1,,1,,0,,1,,70,,15,,70,,60,,30000,,0,,440,,0,,30000,,0,,9000,,0,,200,,0,,30000,,0,,0,,2350,,2,,1,,0,,1,,60,,20,,1,,1,,0,,210,,2,,10,,0,,0,,0,,302,,0,,443,,50,,372,,15881,m,26,,374,h,9691,,19,,19,,19,,342,,19,,1,,1,,-102.0,dBm,2891,°C,8934,A,,,,,0,,0,,0,,0,,0,,0,,0,,0,,0,,0,,0,,0,,0,,0,,0,,0,
42,Robot S6,e4f3c7b39e78df80bad3210d7c869119,30189370_ROBOT_S6.1_PVS_USA,2022-04-27 05:21:09,1,,0,,0,,0,,0,,1033,,1031,,2405,,5020,,33,g/5m,19,h,680,h,17309,A,19316,A,8574,A,0,,0,,0,,4516,°C,3619,°C,3037,°C,0,,0,,236,V,220,V,1817850,m,1,,0,,357,,156,,0,,0,,0,,8,,98,Ah,0,hours,0,,0,,5,,1,,1,,1,,0,,1,,70,,15,,70,,60,,30000,,0,,440,,0,,30000,,0,,9000,,0,,200,,0,,30000,,0,,0,,2350,,2,,1,,0,,1,,60,,20,,1,,1,,0,,210,,2,,10,,0,,0,,0,,302,,0,,443,,50,,372,,15883,m,29,,375,h,9692,,19,,19,,19,,342,,19,,1,,1,,-106.0,dBm,2891,°C,8934,A,,,,,0,,0,,0,,0,,0,,0,,0,,0,,0,,0,,0,,0,,0,,0,,0,,0,
43,Robot S6,e4f3c7b39e78df80bad3210d7c869119,30189370_ROBOT_S6.1_PVS_USA,2022-04-27 05:26:18,1,,0,,0,,0,,0,,1033,,1031,,2405,,5020,,33,g/5m,19,h,680,h,17309,A,19316,A,8574,A,0,,0,,0,,4516,°C,3619,°C,3037,°C,0,,0,,236,V,220,V,1818615,m,1,,0,,357,,156,,0,,0,,0,,8,,98,Ah,0,hours,0,,0,,5,,1,,1,,1,,0,,1,,70,,15,,70,,60,,30000,,0,,440,,0,,30000,,0,,9000,,0,,200,,0,,30000,,0,,0,,2350,,2,,1,,0,,1,,60,,20,,1,,1,,0,,210,,2,,10,,0,,0,,0,,302,,0,,443,,50,,372,,15886,m,29,,375,h,9693,,19,,19,,19,,342,,19,,1,,1,,-104.0,dBm,2891,°C,8934,A,,,,,0,,0,,0,,0,,0,,0,,0,,0,,0,,0,,0,,0,,0,,0,,0,,0,
44,Robot S6,e4f3c7b39e78df80bad3210d7c869119,30189370_ROBOT_S6.1_PVS_USA,2022-04-27 05:31:53,1,,0,,0,,0,,0,,1033,,1031,,2405,,5020,,33,g/5m,19,h,680,h,17309,A,19316,A,8574,A,0,,0,,0,,4516,°C,3619,°C,3037,°C,0,,0,,236,V,220,V,1819377,m,1,,0,,357,,156,,0,,0,,0,,8,,98,Ah,0,hours,0,,0,,5,,1,,1,,1,,0,,1,,70,,15,,70,,60,,30000,,0,,440,,0,,30000,,0,,9000,,0,,200,,0,,30000,,0,,0,,2350,,2,,1,,0,,1,,60,,20,,1,,1,,0,,210,,2,,10,,0,,0,,0,,302,,0,,443,,50,,372,,15888,m,29,,375,h,9694,,19,,19,,19,,342,,19,,1,,1,,-104.0,dBm,2891,°C,8934,A,,,,,0,,0,,0,,0,,0,,0,,0,,0,,0,,0,,0,,0,,0,,0,,0,,0,
45,Robot S6,e4f3c7b39e78df80bad3210d7c869119,30189370_ROBOT_S6.1_PVS_USA,2022-04-27 05:37:00,1,,0,,0,,0,,0,,1033,,1031,,2405,,5020,,33,g/5m,19,h,680,h,17309,A,19316,A,8603,A,0,,0,,0,,4516,°C,3619,°C,3037,°C,0,,0,,236,V,220,V,1820139,m,1,,0,,357,,156,,0,,0,,0,,8,,98,Ah,0,hours,0,,0,,5,,1,,1,,1,,0,,1,,70,,15,,70,,60,,30000,,0,,440,,0,,30000,,0,,9000,,0,,200,,0,,30000,,0,,0,,2350,,2,,1,,0,,1,,60,,20,,1,,1,,0,,210,,2,,10,,0,,0,,0,,302,,0,,443,,50,,372,,15890,m,29,,375,h,9695,,19,,19,,19,,342,,19,,1,,1,,-104.0,dBm,2891,°C,8934,A,,,,,0,,0,,0,,0,,0,,0,,0,,0,,0,,0,,0,,0,,0,,0,,0,,0,
46,Robot S6,e4f3c7b39e78df80bad3210d7c869119,30189370_ROBOT_S6.1_PVS_USA,2022-04-28 02:59:39,1,,0,,0,,0,,0,,1033,,1031,,2405,,5020,,33,g/5m,19,h,680,h,15766,A,17866,A,6429,A,0,,0,,0,,3354,°C,2519,°C,2195,°C,0,,0,,236,V,220,V,1821674,m,1,,0,,360,,157,,0,,0,,0,,8,,5507,Ah,63,hours,64,,0,,5,,1,,1,,1,,0,,1,,70,,15,,70,,60,,30000,,0,,440,,0,,30000,,0,,9000,,0,,200,,0,,30000,,0,,0,,2350,,2,,1,,0,,1,,60,,20,,1,,1,,0,,210,,2,,10,,0,,0,,0,,302,,0,,443,,50,,372,,15894,m,56,,375,h,9697,,19,,19,,19,,342,,19,,1,,1,,-88.0,dBm,2215,°C,6997,A,,,,,0,,0,,0,,0,,0,,0,,0,,0,,0,,0,,0,,0,,0,,0,,0,,0,
47,Robot S6,e4f3c7b39e78df80bad3210d7c869119,30189370_ROBOT_S6.1_PVS_USA,2022-04-28 03:04:35,1,,0,,0,,0,,0,,1033,,1031,,2405,,5020,,33,g/5m,19,h,680,h,15766,A,18361,A,6429,A,0,,0,,0,,3668,°C,2712,°C,2286,°C,0,,0,,236,V,220,V,1822447,m,1,,0,,360,,157,,0,,0,,0,,8,,5507,Ah,63,hours,64,,0,,5,,1,,1,,1,,0,,1,,70,,15,,70,,60,,30000,,0,,440,,0,,30000,,0,,9000,,0,,200,,0,,30000,,0,,0,,2350,,2,,1,,0,,1,,60,,20,,1,,1,,0,,210,,2,,10,,0,,0,,0,,302,,0,,443,,50,,372,,15897,m,28,,375,h,9698,,19,,19,,19,,342,,19,,1,,1,,-102.0,dBm,2300,°C,6997,A,,,,,0,,0,,0,,0,,0,,0,,0,,0,,0,,0,,0,,0,,0,,0,,0,,0,
48,Robot S6,e4f3c7b39e78df80bad3210d7c869119,30189370_ROBOT_S6.1_PVS_USA,2022-04-28 03:09:29,1,,0,,0,,0,,0,,1033,,1031,,2405,,5020,,33,g/5m,19,h,680,h,15779,A,18361,A,6429,A,0,,0,,0,,3907,°C,2890,°C,2375,°C,0,,0,,236,V,220,V,1823223,m,1,,0,,360,,157,,0,,0,,0,,8,,5507,Ah,63,hours,64,,0,,5,,1,,1,,1,,0,,1,,70,,15,,70,,60,,30000,,0,,440,,0,,30000,,0,,9000,,0,,200,,0,,30000,,0,,0,,2350,,2,,1,,0,,1,,60,,20,,1,,1,,0,,210,,2,,10,,0,,0,,0,,302,,0,,443,,50,,372,,15899,m,28,,375,h,9699,,19,,19,,19,,342,,19,,1,,1,,-104.0,dBm,2382,°C,6997,A,,,,,0,,0,,0,,0,,0,,0,,0,,0,,0,,0,,0,,0,,0,,0,,0,,0,
49,Robot S6,e4f3c7b39e78df80bad3210d7c869119,30189370_ROBOT_S6.1_PVS_USA,2022-04-28 03:14:59,1,,0,,0,,0,,0,,1033,,1031,,2405,,5020,,33,g/5m,19,h,680,h,15779,A,18549,A,10186,A,0,,0,,0,,4073,°C,3053,°C,2472,°C,0,,0,,236,V,220,V,1823997,m,1,,0,,360,,157,,0,,0,,0,,8,,5507,Ah,63,hours,64,,0,,5,,1,,1,,1,,0,,1,,70,,15,,70,,60,,30000,,0,,440,,0,,30000,,0,,9000,,0,,200,,0,,30000,,0,,0,,2350,,2,,1,,0,,1,,60,,20,,1,,1,,0,,210,,2,,10,,0,,0,,0,,302,,0,,443,,50,,372,,15901,m,28,,375,h,9700,,19,,19,,19,,342,,19,,1,,1,,-104.0,dBm,2467,°C,6997,A,,,,,0,,0,,0,,0,,0,,0,,0,,0,,0,,0,,0,,0,,0,,0,,0,,0,
0,Robot S6,c1b7c4c8c2b97f7648817f7da22dac7e,30189371_ROBOT_S6.1_PVS_USA,2022-04-27 14:47:46,1,,0,,0,,0,,0,,1033,,1031,,2405,,5020,,55,g/5m,35,h,789,h,9997,A,0,A,44,A,0,,0,,0,,1883,°C,1861,°C,1858,°C,0,,0,,70,V,60,V,2442305,m,1,,0,,185,,105,,10,,0,,0,,8,,1592,Ah,13,hours,0,,0,,5,,1,,1,,1,,1,,1,,70,,15,,70,,50,,30000,,0,,440,,0,,30000,,0,,9000,,0,,200,,0,,30000,,0,,0,,2350,,2,,1,,0,,1,,60,,20,,1,,1,,0,,210,,2,,10,,0,,0,,0,,302,,0,,432,,124,,1146,,15203,m,0,,349,h,8978,,45,,45,,45,,342,,45,,1,,1,,,,1882,°C,113,A,34.003,,-117.874,,0,,0,,0,,0,,0,,0,,0,,0,,0,,0,,0,,0,,0,,0,,0,,0,
1,Robot S6,c1b7c4c8c2b97f7648817f7da22dac7e,30189371_ROBOT_S6.1_PVS_USA,2022-04-28 21:43:43,1,,0,,0,,0,,0,,1033,,1031,,2405,,5020,,55,g/5m,35,h,790,h,80,A,0,A,49,A,0,,0,,0,,1948,°C,1968,°C,1954,°C,0,,0,,70,V,60,V,2442305,m,1,,0,,185,,105,,10,,0,,0,,8,,1592,Ah,13,hours,0,,0,,5,,1,,1,,1,,1,,1,,70,,15,,70,,50,,30000,,0,,440,,0,,30000,,0,,9000,,0,,200,,0,,30000,,0,,0,,2350,,2,,1,,0,,1,,60,,20,,1,,1,,0,,210,,2,,10,,0,,0,,0,,302,,0,,432,,124,,1146,,15203,m,0,,349,h,8978,,45,,45,,45,,342,,45,,1,,1,,,,1969,°C,116,A,33.997,,-117.879,,0,,0,,0,,0,,0,,0,,0,,0,,0,,0,,0,,0,,0,,0,,0,,0,
2,Robot S6,c1b7c4c8c2b97f7648817f7da22dac7e,30189371_ROBOT_S6.1_PVS_USA,2022-04-30 02:56:36,1,,0,,0,,0,,0,,1033,,1031,,2405,,5020,,55,g/5m,35,h,790,h,11871,A,306,A,170,A,0,,0,,0,,2215,°C,2179,°C,2160,°C,0,,0,,70,V,60,V,2442305,m,1,,0,,185,,105,,10,,0,,0,,8,,1592,Ah,13,hours,0,,0,,5,,1,,1,,1,,1,,1,,70,,15,,70,,50,,30000,,0,,440,,0,,30000,,0,,9000,,0,,200,,0,,30000,,0,,0,,2350,,2,,1,,0,,1,,60,,20,,1,,1,,0,,210,,2,,10,,0,,0,,0,,302,,0,,432,,124,,1146,,15203,m,0,,349,h,8978,,45,,45,,45,,342,,45,,1,,1,,,,2171,°C,115,A,34.003,,-117.874,,0,,0,,0,,0,,0,,0,,0,,0,,0,,0,,0,,0,,0,,0,,0,,0,
3,Robot S6,c1b7c4c8c2b97f7648817f7da22dac7e,30189371_ROBOT_S6.1_PVS_USA,2022-05-03 15:49:24,1,,0,,0,,0,,0,,1033,,1031,,2405,,5020,,55,g/5m,35,h,790,h,0,A,0,A,0,A,0,,0,,0,,0,°C,0,°C,0,°C,0,,0,,70,V,60,V,2442305,m,1,,0,,185,,105,,10,,0,,0,,8,,1592,Ah,13,hours,0,,0,,5,,1,,1,,1,,1,,1,,70,,15,,70,,50,,30000,,0,,440,,0,,30000,,0,,9000,,0,,200,,0,,30000,,0,,0,,2350,,2,,1,,0,,1,,60,,20,,1,,1,,0,,210,,2,,10,,0,,0,,0,,302,,0,,432,,124,,1146,,15203,m,0,,349,h,8978,,45,,45,,45,,342,,45,,1,,1,,,,0,°C,0,A,34.003,,-117.874,,0,,0,,0,,0,,0,,0,,0,,0,,0,,0,,0,,0,,0,,0,,0,,0,
4,Robot S6,c1b7c4c8c2b97f7648817f7da22dac7e,30189371_ROBOT_S6.1_PVS_USA,2022-05-04 20:56:22,1,,0,,0,,0,,0,,1033,,1031,,2405,,5020,,55,g/5m,35,h,790,h,15426,A,2027,A,47,A,0,,0,,0,,2207,°C,2062,°C,2043,°C,0,,0,,70,V,60,V,2442305,m,1,,0,,185,,105,,10,,0,,0,,8,,1592,Ah,13,hours,0,,0,,5,,1,,1,,1,,1,,1,,70,,15,,70,,50,,30000,,0,,440,,0,,30000,,0,,9000,,0,,200,,0,,30000,,0,,0,,2350,,2,,1,,0,,1,,60,,20,,1,,1,,0,,210,,2,,10,,0,,0,,0,,302,,0,,432,,124,,1146,,15203,m,0,,349,h,8978,,45,,45,,45,,342,,45,,1,,1,,,,2049,°C,119,A,33.997,,-117.879,,0,,0,,0,,0,,0,,0,,0,,0,,0,,0,,0,,0,,0,,0,,0,,0,
5,Robot S6,c1b7c4c8c2b97f7648817f7da22dac7e,30189371_ROBOT_S6.1_PVS_USA,2022-05-06 05:43:35,1,,0,,0,,0,,0,,1033,,1031,,2405,,5020,,55,g/5m,35,h,790,h,73,A,0,A,48,A,0,,0,,0,,2258,°C,2279,°C,2265,°C,0,,0,,70,V,60,V,2442305,m,1,,0,,185,,105,,10,,0,,0,,8,,1592,Ah,13,hours,0,,0,,5,,1,,1,,1,,1,,1,,70,,15,,70,,50,,30000,,0,,440,,0,,30000,,0,,9000,,0,,200,,0,,30000,,0,,0,,2350,,2,,1,,0,,1,,60,,20,,1,,1,,0,,210,,2,,10,,0,,0,,0,,302,,0,,432,,124,,1146,,15203,m,0,,349,h,8978,,45,,45,,45,,342,,45,,1,,1,,,,2283,°C,111,A,33.997,,-117.879,,0,,0,,0,,0,,0,,0,,0,,0,,0,,0,,0,,0,,0,,0,,0,,0,
6,Robot S6,c1b7c4c8c2b97f7648817f7da22dac7e,30189371_ROBOT_S6.1_PVS_USA,2022-05-09 15:17:07,1,,0,,0,,0,,0,,1033,,1031,,2405,,5020,,55,g/5m,35,h,791,h,4585,A,403,A,34,A,0,,0,,0,,1743,°C,1750,°C,1755,°C,0,,0,,70,V,60,V,2442305,m,1,,0,,185,,105,,10,,0,,0,,8,,1592,Ah,13,hours,0,,0,,5,,1,,1,,1,,1,,1,,70,,15,,70,,50,,30000,,0,,440,,0,,30000,,0,,9000,,0,,200,,0,,30000,,0,,0,,2350,,2,,1,,0,,1,,60,,20,,1,,1,,0,,210,,2,,10,,0,,0,,0,,302,,0,,432,,124,,1146,,15203,m,0,,349,h,8978,,45,,45,,45,,342,,45,,1,,1,,,,1780,°C,91,A,33.997,,-117.879,,0,,0,,0,,0,,0,,0,,0,,0,,0,,0,,0,,0,,0,,0,,0,,0,
7,Robot S6,c1b7c4c8c2b97f7648817f7da22dac7e,30189371_ROBOT_S6.1_PVS_USA,2022-05-14 14:13:03,1,,0,,0,,0,,0,,1033,,1031,,2405,,5020,,55,g/5m,35,h,791,h,16404,A,405,A,55,A,0,,0,,0,,2152,°C,2093,°C,2070,°C,0,,0,,70,V,60,V,2442305,m,1,,0,,186,,105,,10,,0,,0,,8,,3843,Ah,77,hours,64,,0,,5,,1,,1,,1,,1,,1,,70,,15,,70,,50,,30000,,0,,440,,0,,30000,,0,,9000,,0,,200,,0,,30000,,0,,0,,2350,,2,,1,,0,,1,,60,,20,,1,,1,,0,,210,,2,,10,,0,,0,,0,,302,,0,,432,,124,,1146,,15203,m,0,,349,h,8978,,45,,45,,45,,342,,45,,1,,1,,,,2091,°C,127,A,33.997,,-117.879,,0,,0,,0,,0,,0,,0,,0,,0,,0,,0,,0,,0,,0,,0,,0,,0,
0,Robot S6,b65e962b45ec32ab94fdd7005cbddb92,30189372_ROBOT_S6.1_PVS_USA,2022-05-09 14:36:22,1,,0,,0,,0,,0,,1033,,1031,,2405,,5020,,33,g/5m,1,h,19,h,0,A,0,A,0,A,0,,0,,0,,0,°C,0,°C,0,°C,0,,0,,136,V,80,V,26543,m,1,,0,,14,,7,,1,,0,,0,,8,,0,Ah,0,hours,0,,0,,5,,1,,1,,1,,1,,1,,70,,15,,90,,75,,30000,,0,,440,,0,,30000,,0,,9000,,0,,200,,0,,30000,,0,,0,,2350,,2,,1,,0,,1,,60,,20,,1,,1,,0,,210,,2,,10,,0,,0,,0,,302,,0,,2,,4,,29,,184,m,0,,4,h,133,,35,,35,,35,,300,,35,,1,,1,,,,0,°C,0,A,41.531,,-87.518,,0,,0,,0,,0,,0,,0,,0,,0,,0,,0,,0,,0,,0,,0,,0,,0,
0,Robot S6,a21a2fc7f6bbacccb54e0e26ac920e36,30189374_ROBOT_S6.1_PVS_USA,2022-04-28 15:03:31,1,,0,,0,,0,,0,,1033,,1031,,2405,,5020,,33,g/5m,55,h,1037,h,10298,A,498,A,165,A,0,,0,,0,,2308,°C,1880,°C,1917,°C,0,,0,,223,V,165,V,2461374,m,1,,0,,263,,167,,57,,0,,0,,8,,1721,Ah,29,hours,64,,0,,5,,1,,1,,1,,1,,1,,70,,15,,69,,80,,30000,,0,,440,,0,,30000,,0,,9000,,0,,200,,0,,30000,,0,,0,,2350,,2,,1,,0,,1,,60,,20,,1,,1,,0,,210,,2,,10,,0,,0,,0,,302,,0,,551,,141,,1448,,20188,m,0,,430,h,11865,,45,,45,,45,,345,,45,,1,,1,,-84.0,dBm,1904,°C,89,A,34.003,,-117.874,,0,,0,,0,,0,,0,,0,,0,,0,,0,,0,,0,,0,,0,,0,,0,,0,
1,Robot S6,a21a2fc7f6bbacccb54e0e26ac920e36,30189374_ROBOT_S6.1_PVS_USA,2022-04-28 15:10:09,1,,0,,0,,0,,0,,1033,,1031,,2405,,5020,,33,g/5m,55,h,1037,h,16547,A,18708,A,6357,A,0,,0,,0,,2947,°C,2193,°C,2399,°C,0,,0,,223,V,165,V,2461374,m,1,,0,,263,,167,,57,,0,,0,,8,,1721,Ah,29,hours,64,,0,,5,,1,,1,,1,,1,,1,,70,,15,,69,,80,,30000,,0,,440,,0,,30000,,0,,9000,,0,,200,,0,,30000,,0,,0,,2350,,2,,1,,0,,1,,60,,20,,1,,1,,0,,210,,2,,10,,0,,0,,0,,302,,0,,551,,141,,1448,,20192,m,26,,430,h,11867,,45,,45,,45,,342,,45,,1,,1,,-70.0,dBm,2056,°C,7570,A,34.003,,-117.874,,0,,0,,0,,0,,0,,0,,0,,0,,0,,0,,0,,0,,0,,0,,0,,0,
2,Robot S6,a21a2fc7f6bbacccb54e0e26ac920e36,30189374_ROBOT_S6.1_PVS_USA,2022-04-28 15:19:45,1,,0,,0,,0,,0,,1033,,1031,,2405,,5020,,33,g/5m,55,h,1037,h,16547,A,18708,A,6357,A,0,,0,,0,,2957,°C,2364,°C,2453,°C,0,,0,,223,V,165,V,2461374,m,1,,0,,263,,167,,57,,0,,0,,8,,1721,Ah,29,hours,64,,0,,5,,1,,1,,1,,1,,1,,70,,15,,69,,80,,30000,,0,,440,,0,,30000,,0,,9000,,0,,200,,0,,30000,,0,,0,,2350,,2,,1,,0,,1,,60,,20,,1,,1,,0,,210,,2,,10,,0,,0,,0,,302,,0,,551,,141,,1448,,20193,m,9,,430,h,11868,,45,,45,,45,,342,,45,,1,,1,,-74.0,dBm,2231,°C,7570,A,34.003,,-117.874,,0,,0,,0,,0,,0,,0,,0,,0,,0,,0,,0,,0,,0,,0,,0,,0,
3,Robot S6,a21a2fc7f6bbacccb54e0e26ac920e36,30189374_ROBOT_S6.1_PVS_USA,2022-04-28 15:22:56,1,,0,,0,,0,,0,,1033,,1031,,2405,,5020,,33,g/5m,55,h,1037,h,16600,A,17277,A,2351,A,0,,0,,0,,2961,°C,2358,°C,2456,°C,0,,0,,223,V,165,V,2461375,m,1,,0,,263,,167,,57,,0,,0,,8,,1721,Ah,29,hours,64,,0,,5,,1,,1,,1,,1,,1,,70,,15,,69,,80,,30000,,0,,440,,0,,30000,,0,,9000,,0,,200,,0,,30000,,0,,0,,2350,,2,,1,,0,,1,,60,,20,,1,,1,,0,,210,,2,,10,,0,,0,,0,,302,,0,,551,,141,,1448,,20193,m,4,,430,h,11869,,45,,45,,45,,342,,45,,1,,1,,-66.0,dBm,2188,°C,6680,A,34.003,,-117.874,,0,,0,,0,,0,,0,,0,,0,,0,,0,,0,,0,,0,,0,,0,,0,,0,
4,Robot S6,a21a2fc7f6bbacccb54e0e26ac920e36,30189374_ROBOT_S6.1_PVS_USA,2022-04-28 15:23:48,1,,0,,0,,0,,0,,1033,,1031,,2405,,5020,,33,g/5m,55,h,1037,h,16600,A,17277,A,4077,A,0,,0,,0,,3038,°C,2382,°C,2503,°C,0,,0,,223,V,165,V,2461376,m,1,,0,,263,,167,,57,,0,,0,,8,,1721,Ah,29,hours,64,,0,,5,,1,,1,,1,,1,,1,,70,,15,,69,,80,,30000,,0,,440,,0,,30000,,0,,9000,,0,,200,,0,,30000,,0,,0,,2350,,2,,1,,0,,1,,60,,20,,1,,1,,0,,210,,2,,10,,0,,0,,0,,302,,0,,551,,141,,1448,,20193,m,3,,430,h,11870,,45,,45,,45,,342,,45,,1,,1,,-74.0,dBm,2206,°C,6680,A,34.003,,-117.874,,0,,0,,0,,0,,0,,0,,0,,0,,0,,0,,0,,0,,0,,0,,0,,0,
5,Robot S6,a21a2fc7f6bbacccb54e0e26ac920e36,30189374_ROBOT_S6.1_PVS_USA,2022-04-28 15:26:38,1,,0,,0,,0,,0,,1033,,1031,,2405,,5020,,33,g/5m,55,h,1037,h,17030,A,16963,A,5040,A,0,,0,,0,,3080,°C,2420,°C,2525,°C,0,,0,,223,V,165,V,2461378,m,1,,0,,263,,167,,57,,0,,0,,8,,1721,Ah,29,hours,64,,0,,5,,1,,1,,1,,1,,1,,70,,15,,69,,80,,30000,,0,,440,,0,,30000,,0,,9000,,0,,200,,0,,30000,,0,,0,,2350,,2,,1,,0,,1,,60,,20,,1,,1,,0,,210,,2,,10,,0,,0,,0,,302,,0,,551,,141,,1448,,20194,m,5,,430,h,11872,,45,,45,,45,,342,,45,,1,,1,,-80.0,dBm,2232,°C,8485,A,34.003,,-117.874,,0,,0,,0,,0,,0,,0,,0,,0,,0,,0,,0,,0,,0,,0,,0,,0,
6,Robot S6,a21a2fc7f6bbacccb54e0e26ac920e36,30189374_ROBOT_S6.1_PVS_USA,2022-04-28 20:03:51,1,,0,,0,,0,,0,,1033,,1031,,2405,,5020,,33,g/5m,55,h,1037,h,16558,A,19331,A,5255,A,0,,0,,0,,3041,°C,2429,°C,2667,°C,0,,0,,223,V,165,V,2461379,m,1,,0,,264,,168,,58,,0,,0,,8,,415,Ah,5,hours,0,,0,,5,,1,,1,,1,,1,,1,,70,,15,,69,,80,,30000,,0,,440,,0,,30000,,0,,9000,,0,,200,,0,,30000,,0,,0,,2350,,2,,1,,0,,1,,60,,20,,1,,1,,0,,210,,2,,10,,0,,0,,0,,302,,0,,552,,141,,1448,,20198,m,27,,430,h,11874,,35,,35,,35,,300,,35,,1,,1,,-70.0,dBm,2265,°C,7036,A,34.003,,-117.874,,0,,0,,0,,0,,0,,0,,0,,0,,0,,0,,0,,0,,0,,0,,0,,0,
7,Robot S6,a21a2fc7f6bbacccb54e0e26ac920e36,30189374_ROBOT_S6.1_PVS_USA,2022-04-28 20:07:52,1,,0,,0,,0,,0,,1033,,1031,,2405,,5020,,33,g/5m,55,h,1037,h,16558,A,19331,A,5255,A,0,,0,,0,,3405,°C,2553,°C,2851,°C,0,,0,,223,V,165,V,2461379,m,1,,0,,264,,168,,58,,0,,0,,8,,415,Ah,5,hours,0,,0,,5,,1,,1,,1,,1,,1,,70,,15,,69,,80,,30000,,0,,440,,0,,30000,,0,,9000,,0,,200,,0,,30000,,0,,0,,2350,,2,,1,,0,,1,,60,,20,,1,,1,,0,,210,,2,,10,,0,,0,,0,,302,,0,,552,,141,,1448,,20200,m,16,,430,h,11875,,35,,35,,35,,300,,35,,1,,1,,-66.0,dBm,2338,°C,7036,A,34.003,,-117.874,,0,,0,,0,,0,,0,,0,,0,,0,,0,,0,,0,,0,,0,,0,,0,,0,
8,Robot S6,a21a2fc7f6bbacccb54e0e26ac920e36,30189374_ROBOT_S6.1_PVS_USA,2022-04-28 20:12:53,1,,0,,0,,0,,0,,1033,,1031,,2405,,5020,,33,g/5m,55,h,1037,h,16558,A,19331,A,5255,A,0,,0,,0,,3557,°C,2692,°C,2980,°C,0,,0,,223,V,165,V,2461379,m,1,,0,,264,,168,,58,,0,,0,,8,,415,Ah,5,hours,0,,0,,5,,1,,1,,1,,1,,1,,70,,15,,69,,80,,30000,,0,,440,,0,,30000,,0,,9000,,0,,200,,0,,30000,,0,,0,,2350,,2,,1,,0,,1,,60,,20,,1,,1,,0,,210,,2,,10,,0,,0,,0,,302,,0,,552,,141,,1448,,20202,m,16,,430,h,11876,,35,,35,,35,,300,,35,,1,,1,,-66.0,dBm,2417,°C,7036,A,34.003,,-117.874,,0,,0,,0,,0,,0,,0,,0,,0,,0,,0,,0,,0,,0,,0,,0,,0,
9,Robot S6,a21a2fc7f6bbacccb54e0e26ac920e36,30189374_ROBOT_S6.1_PVS_USA,2022-04-28 20:16:46,1,,0,,0,,0,,0,,1033,,1031,,2405,,5020,,33,g/5m,55,h,1037,h,17447,A,19331,A,5255,A,0,,0,,0,,3701,°C,2759,°C,3038,°C,0,,0,,223,V,165,V,2461382,m,1,,0,,264,,168,,58,,0,,0,,8,,415,Ah,5,hours,0,,0,,5,,1,,1,,1,,1,,1,,70,,15,,69,,80,,30000,,0,,440,,0,,30000,,0,,9000,,0,,200,,0,,30000,,0,,0,,2350,,2,,1,,0,,1,,60,,20,,1,,1,,0,,210,,2,,10,,0,,0,,0,,302,,0,,552,,141,,1448,,20203,m,11,,430,h,11877,,35,,35,,35,,300,,35,,1,,1,,-68.0,dBm,2471,°C,7036,A,34.003,,-117.874,,0,,0,,0,,0,,0,,0,,0,,0,,0,,0,,0,,0,,0,,0,,0,,0,
10,Robot S6,a21a2fc7f6bbacccb54e0e26ac920e36,30189374_ROBOT_S6.1_PVS_USA,2022-04-28 21:09:20,1,,0,,0,,0,,0,,1033,,1031,,2405,,5020,,33,g/5m,55,h,1038,h,17514,A,19427,A,7430,A,0,,0,,0,,3462,°C,2762,°C,3004,°C,0,,0,,223,V,165,V,2461388,m,1,,0,,265,,168,,59,,0,,0,,8,,297,Ah,2,hours,0,,0,,5,,1,,1,,1,,1,,1,,70,,15,,69,,80,,30000,,0,,440,,0,,30000,,0,,9000,,0,,200,,0,,30000,,0,,0,,2350,,2,,1,,0,,1,,60,,20,,1,,1,,0,,210,,2,,10,,0,,0,,0,,302,,0,,553,,141,,1448,,20207,m,33,,430,h,11880,,45,,45,,45,,342,,45,,1,,1,,-70.0,dBm,2535,°C,6336,A,33.995,,-117.875,,0,,0,,0,,0,,0,,0,,0,,0,,0,,0,,0,,0,,0,,0,,0,,0,
11,Robot S6,a21a2fc7f6bbacccb54e0e26ac920e36,30189374_ROBOT_S6.1_PVS_USA,2022-04-28 21:13:24,1,,0,,0,,0,,0,,1033,,1031,,2405,,5020,,33,g/5m,55,h,1038,h,17514,A,19427,A,8375,A,0,,0,,0,,3794,°C,2851,°C,3129,°C,0,,0,,223,V,165,V,2461388,m,1,,0,,265,,168,,59,,0,,0,,8,,297,Ah,2,hours,0,,0,,5,,1,,1,,1,,1,,1,,70,,15,,69,,80,,30000,,0,,440,,0,,30000,,0,,9000,,0,,200,,0,,30000,,0,,0,,2350,,2,,1,,0,,1,,60,,20,,1,,1,,0,,210,,2,,10,,0,,0,,0,,302,,0,,553,,142,,1448,,20209,m,19,,431,h,11881,,45,,45,,45,,342,,45,,1,,1,,-68.0,dBm,2587,°C,6336,A,33.995,,-117.875,,0,,0,,0,,0,,0,,0,,0,,0,,0,,0,,0,,0,,0,,0,,0,,0,
12,Robot S6,a21a2fc7f6bbacccb54e0e26ac920e36,30189374_ROBOT_S6.1_PVS_USA,2022-04-28 21:15:39,1,,0,,0,,0,,0,,1033,,1031,,2405,,5020,,33,g/5m,55,h,1038,h,17514,A,19427,A,8375,A,0,,0,,0,,3794,°C,2851,°C,3148,°C,0,,0,,223,V,165,V,2461388,m,1,,0,,265,,168,,59,,0,,0,,8,,297,Ah,2,hours,0,,0,,5,,1,,1,,1,,1,,1,,70,,15,,69,,80,,30000,,0,,440,,0,,30000,,0,,9000,,0,,200,,0,,30000,,0,,0,,2350,,2,,1,,0,,1,,60,,20,,1,,1,,0,,210,,2,,10,,0,,0,,0,,302,,0,,553,,142,,1448,,20209,m,8,,431,h,11882,,45,,45,,45,,342,,45,,1,,1,,-68.0,dBm,2607,°C,6336,A,33.995,,-117.875,,0,,0,,0,,0,,0,,0,,0,,0,,0,,0,,0,,0,,0,,0,,0,,0,
13,Robot S6,a21a2fc7f6bbacccb54e0e26ac920e36,30189374_ROBOT_S6.1_PVS_USA,2022-04-28 21:18:46,1,,0,,0,,0,,0,,1033,,1031,,2405,,5020,,33,g/5m,55,h,1038,h,20155,A,19427,A,12643,A,0,,0,,0,,3794,°C,2852,°C,3148,°C,0,,0,,223,V,165,V,2461400,m,1,,0,,265,,168,,59,,0,,0,,8,,297,Ah,2,hours,0,,0,,5,,1,,1,,1,,1,,1,,70,,15,,69,,80,,30000,,0,,440,,0,,30000,,0,,9000,,0,,200,,0,,30000,,0,,0,,2350,,2,,1,,0,,1,,60,,20,,1,,1,,0,,210,,2,,10,,0,,0,,0,,302,,0,,553,,142,,1448,,20209,m,5,,431,h,11883,,45,,45,,45,,342,,45,,1,,1,,-72.0,dBm,2618,°C,6336,A,33.995,,-117.875,,0,,0,,0,,0,,0,,0,,0,,0,,0,,0,,0,,0,,0,,0,,0,,0,
14,Robot S6,a21a2fc7f6bbacccb54e0e26ac920e36,30189374_ROBOT_S6.1_PVS_USA,2022-04-28 21:36:04,1,,0,,0,,0,,0,,1033,,1031,,2405,,5020,,33,g/5m,55,h,1038,h,16923,A,19884,A,4851,A,0,,0,,0,,3600,°C,2856,°C,3083,°C,0,,0,,223,V,165,V,2461401,m,1,,0,,266,,168,,60,,0,,0,,8,,245,Ah,1,hours,0,,0,,5,,1,,1,,1,,1,,1,,70,,15,,69,,80,,30000,,0,,440,,0,,30000,,0,,9000,,0,,200,,0,,30000,,0,,0,,2350,,2,,1,,0,,1,,60,,20,,1,,1,,0,,210,,2,,10,,0,,0,,0,,302,,0,,553,,142,,1448,,20213,m,24,,431,h,11885,,45,,45,,45,,342,,45,,1,,1,,-76.0,dBm,2588,°C,6722,A,33.997,,-117.879,,0,,0,,0,,0,,0,,0,,0,,0,,0,,0,,0,,0,,0,,0,,0,,0,
15,Robot S6,a21a2fc7f6bbacccb54e0e26ac920e36,30189374_ROBOT_S6.1_PVS_USA,2022-04-28 21:41:13,1,,0,,0,,0,,0,,1033,,1031,,2405,,5020,,33,g/5m,55,h,1038,h,17048,A,19884,A,4851,A,0,,0,,0,,3648,°C,2930,°C,3128,°C,0,,0,,223,V,165,V,2461401,m,1,,0,,266,,168,,60,,0,,0,,8,,245,Ah,1,hours,0,,0,,5,,1,,1,,1,,1,,1,,70,,15,,69,,80,,30000,,0,,440,,0,,30000,,0,,9000,,0,,200,,0,,30000,,0,,0,,2350,,2,,1,,0,,1,,60,,20,,1,,1,,0,,210,,2,,10,,0,,0,,0,,302,,0,,553,,142,,1449,,20215,m,12,,431,h,11886,,45,,45,,45,,342,,45,,1,,1,,-66.0,dBm,2624,°C,6722,A,33.997,,-117.879,,0,,0,,0,,0,,0,,0,,0,,0,,0,,0,,0,,0,,0,,0,,0,,0,
16,Robot S6,a21a2fc7f6bbacccb54e0e26ac920e36,30189374_ROBOT_S6.1_PVS_USA,2022-04-29 14:44:34,1,,0,,0,,0,,0,,1033,,1031,,2405,,5020,,33,g/5m,55,h,1038,h,15972,A,17643,A,3734,A,0,,0,,0,,2220,°C,1733,°C,1896,°C,0,,0,,223,V,165,V,2461402,m,1,,0,,267,,168,,60,,0,,0,,8,,1621,Ah,30,hours,64,,0,,5,,1,,1,,1,,1,,1,,70,,15,,69,,80,,30000,,0,,440,,0,,30000,,0,,9000,,0,,200,,0,,30000,,0,,0,,2350,,2,,1,,0,,1,,60,,20,,1,,1,,0,,210,,2,,10,,0,,0,,0,,302,,0,,553,,142,,1449,,20215,m,8,,431,h,11887,,45,,45,,45,,342,,45,,1,,1,,-82.0,dBm,1763,°C,6817,A,33.997,,-117.879,,0,,0,,0,,0,,0,,0,,0,,0,,0,,0,,0,,0,,0,,0,,0,,0,
17,Robot S6,a21a2fc7f6bbacccb54e0e26ac920e36,30189374_ROBOT_S6.1_PVS_USA,2022-04-29 14:46:50,1,,0,,0,,0,,0,,1033,,1031,,2405,,5020,,33,g/5m,55,h,1038,h,15972,A,18220,A,5546,A,0,,0,,0,,2438,°C,1862,°C,2078,°C,0,,0,,223,V,165,V,2461402,m,1,,0,,267,,168,,60,,0,,0,,8,,1621,Ah,30,hours,64,,0,,5,,1,,1,,1,,1,,1,,70,,15,,69,,80,,30000,,0,,440,,0,,30000,,0,,9000,,0,,200,,0,,30000,,0,,0,,2350,,2,,1,,0,,1,,60,,20,,1,,1,,0,,210,,2,,10,,0,,0,,0,,302,,0,,553,,142,,1449,,20216,m,12,,431,h,11888,,35,,35,,35,,300,,35,,1,,1,,-72.0,dBm,1824,°C,6817,A,33.995,,-117.875,,0,,0,,0,,0,,0,,0,,0,,0,,0,,0,,0,,0,,0,,0,,0,,0,
18,Robot S6,a21a2fc7f6bbacccb54e0e26ac920e36,30189374_ROBOT_S6.1_PVS_USA,2022-04-29 15:32:07,1,,0,,0,,0,,0,,1033,,1031,,2405,,5020,,33,g/5m,55,h,1038,h,16473,A,18220,A,5546,A,0,,0,,0,,2508,°C,2096,°C,2237,°C,0,,0,,223,V,165,V,2461402,m,1,,0,,267,,168,,60,,0,,0,,8,,1621,Ah,30,hours,64,,0,,5,,1,,1,,1,,1,,1,,70,,15,,69,,80,,30000,,0,,440,,0,,30000,,0,,9000,,0,,200,,0,,30000,,0,,0,,2350,,2,,1,,0,,1,,60,,20,,1,,1,,0,,210,,2,,10,,0,,0,,0,,302,,0,,554,,142,,1449,,20217,m,7,,431,h,11889,,35,,35,,35,,300,,35,,1,,1,,-72.0,dBm,2009,°C,6817,A,33.995,,-117.875,,0,,0,,0,,0,,0,,0,,0,,0,,0,,0,,0,,0,,0,,0,,0,,0,
19,Robot S6,a21a2fc7f6bbacccb54e0e26ac920e36,30189374_ROBOT_S6.1_PVS_USA,2022-04-29 15:34:21,1,,0,,0,,0,,0,,1033,,1031,,2405,,5020,,33,g/5m,55,h,1038,h,16473,A,18220,A,5546,A,0,,0,,0,,2582,°C,2157,°C,2334,°C,0,,0,,223,V,165,V,2461402,m,1,,0,,267,,168,,60,,0,,0,,8,,1621,Ah,30,hours,64,,0,,5,,1,,1,,1,,1,,1,,70,,15,,69,,80,,30000,,0,,440,,0,,30000,,0,,9000,,0,,200,,0,,30000,,0,,0,,2350,,2,,1,,0,,1,,60,,20,,1,,1,,0,,210,,2,,10,,0,,0,,0,,302,,0,,554,,142,,1449,,20217,m,8,,431,h,11890,,35,,35,,35,,300,,35,,1,,1,,-68.0,dBm,2045,°C,6817,A,33.995,,-117.875,,0,,0,,0,,0,,0,,0,,0,,0,,0,,0,,0,,0,,0,,0,,0,,0,
20,Robot S6,a21a2fc7f6bbacccb54e0e26ac920e36,30189374_ROBOT_S6.1_PVS_USA,2022-04-29 16:35:45,1,,0,,0,,0,,0,,1033,,1031,,2405,,5020,,33,g/5m,55,h,1038,h,16508,A,18220,A,5546,A,0,,0,,0,,2607,°C,2274,°C,2350,°C,0,,0,,223,V,165,V,2461402,m,1,,0,,267,,168,,60,,0,,0,,8,,1621,Ah,30,hours,64,,0,,5,,1,,1,,1,,1,,1,,70,,15,,69,,80,,30000,,0,,440,,0,,30000,,0,,9000,,0,,200,,0,,30000,,0,,0,,2350,,2,,1,,0,,1,,60,,20,,1,,1,,0,,210,,2,,10,,0,,0,,0,,302,,0,,554,,142,,1449,,20218,m,9,,431,h,11891,,35,,35,,35,,300,,35,,1,,1,,-70.0,dBm,2139,°C,6817,A,33.995,,-117.875,,0,,0,,0,,0,,0,,0,,0,,0,,0,,0,,0,,0,,0,,0,,0,,0,
21,Robot S6,a21a2fc7f6bbacccb54e0e26ac920e36,30189374_ROBOT_S6.1_PVS_USA,2022-04-29 17:02:53,1,,0,,0,,0,,0,,1033,,1031,,2405,,5020,,33,g/5m,55,h,1039,h,16508,A,18220,A,5546,A,0,,0,,0,,2624,°C,2427,°C,2475,°C,0,,0,,223,V,165,V,2461402,m,1,,0,,267,,168,,60,,0,,0,,8,,1621,Ah,30,hours,64,,0,,5,,1,,1,,1,,1,,1,,70,,15,,69,,80,,30000,,0,,440,,0,,30000,,0,,9000,,0,,200,,0,,30000,,0,,0,,2350,,2,,1,,0,,1,,60,,20,,1,,1,,0,,210,,2,,10,,0,,0,,0,,302,,0,,554,,142,,1450,,20218,m,8,,431,h,11892,,35,,35,,35,,300,,35,,1,,1,,-72.0,dBm,2269,°C,6817,A,33.995,,-117.875,,0,,0,,0,,0,,0,,0,,0,,0,,0,,0,,0,,0,,0,,0,,0,,0,
22,Robot S6,a21a2fc7f6bbacccb54e0e26ac920e36,30189374_ROBOT_S6.1_PVS_USA,2022-04-29 17:04:24,1,,0,,0,,0,,0,,1033,,1031,,2405,,5020,,33,g/5m,55,h,1039,h,16548,A,18220,A,5732,A,0,,0,,0,,2795,°C,2472,°C,2604,°C,0,,0,,223,V,165,V,2461402,m,1,,0,,267,,168,,60,,0,,0,,8,,1621,Ah,30,hours,64,,0,,5,,1,,1,,1,,1,,1,,70,,15,,69,,80,,30000,,0,,440,,0,,30000,,0,,9000,,0,,200,,0,,30000,,0,,0,,2350,,2,,1,,0,,1,,60,,20,,1,,1,,0,,210,,2,,10,,0,,0,,0,,302,,0,,554,,142,,1450,,20219,m,8,,431,h,11893,,35,,35,,35,,300,,35,,1,,1,,-70.0,dBm,2305,°C,6817,A,33.995,,-117.875,,0,,0,,0,,0,,0,,0,,0,,0,,0,,0,,0,,0,,0,,0,,0,,0,
23,Robot S6,a21a2fc7f6bbacccb54e0e26ac920e36,30189374_ROBOT_S6.1_PVS_USA,2022-04-29 17:32:00,1,,0,,0,,0,,0,,1033,,1031,,2405,,5020,,33,g/5m,55,h,1039,h,16548,A,18220,A,5732,A,0,,0,,0,,2812,°C,2524,°C,2644,°C,0,,0,,223,V,165,V,2461402,m,1,,0,,267,,168,,60,,0,,0,,8,,1621,Ah,30,hours,64,,0,,5,,1,,1,,1,,1,,1,,70,,15,,69,,80,,30000,,0,,440,,0,,30000,,0,,9000,,0,,200,,0,,30000,,0,,0,,2350,,2,,1,,0,,1,,60,,20,,1,,1,,0,,210,,2,,10,,0,,0,,0,,302,,0,,554,,142,,1450,,20219,m,9,,431,h,11894,,35,,35,,35,,300,,35,,1,,1,,-70.0,dBm,2350,°C,6817,A,33.995,,-117.875,,0,,0,,0,,0,,0,,0,,0,,0,,0,,0,,0,,0,,0,,0,,0,,0,
24,Robot S6,a21a2fc7f6bbacccb54e0e26ac920e36,30189374_ROBOT_S6.1_PVS_USA,2022-04-29 17:58:35,1,,0,,0,,0,,0,,1033,,1031,,2405,,5020,,33,g/5m,55,h,1039,h,16802,A,18220,A,5732,A,0,,0,,0,,2979,°C,2699,°C,2806,°C,0,,0,,223,V,165,V,2461407,m,1,,0,,267,,168,,60,,0,,0,,8,,1621,Ah,30,hours,64,,0,,5,,1,,1,,1,,1,,1,,70,,15,,69,,80,,30000,,0,,440,,0,,30000,,0,,9000,,0,,200,,0,,30000,,0,,0,,2350,,2,,1,,0,,1,,60,,20,,1,,1,,0,,210,,2,,10,,0,,0,,0,,302,,0,,554,,142,,1450,,20221,m,18,,431,h,11895,,35,,35,,35,,300,,35,,1,,1,,-72.0,dBm,2434,°C,6817,A,33.995,,-117.875,,0,,0,,0,,0,,0,,0,,0,,0,,0,,0,,0,,0,,0,,0,,0,,0,
25,Robot S6,a21a2fc7f6bbacccb54e0e26ac920e36,30189374_ROBOT_S6.1_PVS_USA,2022-04-29 18:43:29,1,,0,,0,,0,,0,,1033,,1031,,2405,,5020,,33,g/5m,55,h,1039,h,19441,A,18220,A,5732,A,0,,0,,0,,2990,°C,2699,°C,2806,°C,0,,0,,223,V,165,V,2461410,m,1,,0,,267,,168,,60,,0,,0,,8,,1621,Ah,30,hours,64,,0,,5,,1,,1,,1,,1,,1,,70,,15,,69,,80,,30000,,0,,440,,0,,30000,,0,,9000,,0,,200,,0,,30000,,0,,0,,2350,,2,,1,,0,,1,,60,,20,,1,,1,,0,,210,,2,,10,,0,,0,,0,,302,,0,,554,,142,,1450,,20221,m,5,,431,h,11896,,35,,35,,35,,300,,35,,1,,1,,-70.0,dBm,2467,°C,6817,A,33.995,,-117.875,,0,,0,,0,,0,,0,,0,,0,,0,,0,,0,,0,,0,,0,,0,,0,,0,
26,Robot S6,a21a2fc7f6bbacccb54e0e26ac920e36,30189374_ROBOT_S6.1_PVS_USA,2022-05-06 05:46:12,1,,0,,0,,0,,0,,1033,,1031,,2405,,5020,,33,g/5m,55,h,1040,h,0,A,0,A,0,A,0,,0,,0,,0,°C,0,°C,0,°C,0,,0,,223,V,165,V,2461410,m,1,,0,,267,,168,,60,,0,,0,,8,,1621,Ah,30,hours,64,,0,,5,,1,,1,,1,,1,,1,,70,,15,,69,,80,,30000,,0,,440,,0,,30000,,0,,9000,,0,,200,,0,,30000,,0,,0,,2350,,2,,1,,0,,1,,60,,20,,1,,1,,0,,210,,2,,10,,0,,0,,0,,302,,0,,554,,142,,1450,,20221,m,0,,431,h,11896,,35,,35,,35,,300,,35,,1,,1,,,,0,°C,0,A,33.995,,-117.875,,0,,0,,0,,0,,0,,0,,0,,0,,0,,0,,0,,0,,0,,0,,0,,0,
27,Robot S6,a21a2fc7f6bbacccb54e0e26ac920e36,30189374_ROBOT_S6.1_PVS_USA,2022-05-09 20:13:59,1,,0,,0,,0,,0,,1033,,1031,,2405,,5020,,33,g/5m,55,h,1040,h,13471,A,451,A,450,A,0,,0,,0,,2232,°C,1989,°C,2028,°C,0,,0,,223,V,165,V,2461410,m,1,,0,,268,,169,,61,,0,,0,,8,,2151,Ah,44,hours,64,,0,,5,,1,,1,,1,,1,,1,,70,,15,,69,,80,,30000,,0,,440,,0,,30000,,0,,9000,,0,,200,,0,,30000,,0,,0,,2350,,2,,1,,0,,1,,60,,20,,1,,1,,0,,210,,2,,10,,0,,0,,0,,302,,0,,554,,142,,1450,,20221,m,0,,431,h,11896,,35,,35,,35,,300,,35,,1,,1,,,,1988,°C,85,A,33.997,,-117.879,,0,,0,,0,,0,,0,,0,,0,,0,,0,,0,,0,,0,,0,,0,,0,,0,
28,Robot S6,a21a2fc7f6bbacccb54e0e26ac920e36,30189374_ROBOT_S6.1_PVS_USA,2022-05-11 17:36:51,1,,0,,0,,0,,0,,1033,,1031,,2405,,5020,,33,g/5m,55,h,1041,h,11497,A,512,A,146,A,0,,0,,0,,1863,°C,1727,°C,1778,°C,0,,0,,223,V,165,V,2461410,m,1,,0,,269,,170,,62,,0,,0,,8,,2478,Ah,58,hours,64,,0,,5,,1,,1,,1,,1,,1,,70,,15,,69,,80,,30000,,0,,440,,0,,30000,,0,,9000,,0,,200,,0,,30000,,0,,0,,2350,,2,,1,,0,,1,,60,,20,,1,,1,,0,,210,,2,,10,,0,,0,,0,,302,,0,,554,,142,,1450,,20221,m,0,,431,h,11896,,35,,35,,35,,300,,35,,1,,1,,,,1735,°C,64,A,,,,,0,,0,,0,,0,,0,,0,,0,,0,,0,,0,,0,,0,,0,,0,,0,,0,
29,Robot S6,a21a2fc7f6bbacccb54e0e26ac920e36,30189374_ROBOT_S6.1_PVS_USA,2022-05-11 17:48:14,1,,0,,0,,0,,0,,1033,,1031,,2405,,5020,,33,g/5m,55,h,1041,h,15723,A,17571,A,2340,A,0,,0,,0,,2490,°C,1999,°C,2177,°C,0,,0,,223,V,165,V,2461411,m,1,,0,,269,,170,,62,,0,,0,,8,,2478,Ah,58,hours,64,,0,,5,,1,,1,,1,,1,,1,,70,,15,,69,,80,,30000,,0,,440,,0,,30000,,0,,9000,,0,,200,,0,,30000,,0,,0,,2350,,2,,1,,0,,1,,60,,20,,1,,1,,0,,210,,2,,10,,0,,0,,0,,302,,0,,554,,142,,1450,,20223,m,16,,431,h,11897,,35,,35,,35,,300,,35,,1,,1,,-70.0,dBm,1892,°C,6131,A,33.997,,-117.879,,0,,0,,0,,0,,0,,0,,0,,0,,0,,0,,0,,0,,0,,0,,0,,0,
30,Robot S6,a21a2fc7f6bbacccb54e0e26ac920e36,30189374_ROBOT_S6.1_PVS_USA,2022-05-11 20:43:32,1,,0,,0,,0,,0,,1033,,1031,,2405,,5020,,33,g/5m,55,h,1041,h,15796,A,19138,A,5331,A,0,,0,,0,,2702,°C,2425,°C,2530,°C,0,,0,,223,V,165,V,2461412,m,1,,0,,270,,171,,63,,0,,0,,8,,643,Ah,14,hours,0,,0,,5,,1,,1,,1,,1,,1,,70,,15,,69,,80,,30000,,0,,440,,0,,30000,,0,,9000,,0,,200,,0,,30000,,0,,0,,2350,,2,,1,,0,,1,,60,,20,,1,,1,,0,,210,,2,,10,,0,,0,,0,,302,,0,,555,,142,,1450,,20225,m,14,,431,h,11898,,35,,35,,35,,300,,35,,1,,1,,-62.0,dBm,2357,°C,6247,A,33.997,,-117.879,,0,,0,,0,,0,,0,,0,,0,,0,,0,,0,,0,,0,,0,,0,,0,,0,
31,Robot S6,a21a2fc7f6bbacccb54e0e26ac920e36,30189374_ROBOT_S6.1_PVS_USA,2022-05-11 20:46:55,1,,0,,0,,0,,0,,1033,,1031,,2405,,5020,,33,g/5m,55,h,1041,h,16409,A,19138,A,5331,A,0,,0,,0,,3052,°C,2589,°C,2786,°C,0,,0,,223,V,165,V,2461412,m,1,,0,,270,,171,,63,,0,,0,,8,,643,Ah,14,hours,0,,0,,5,,1,,1,,1,,1,,1,,70,,15,,69,,80,,30000,,0,,440,,0,,30000,,0,,9000,,0,,200,,0,,30000,,0,,0,,2350,,2,,1,,0,,1,,60,,20,,1,,1,,0,,210,,2,,10,,0,,0,,0,,302,,0,,555,,142,,1450,,20227,m,17,,431,h,11899,,35,,35,,35,,300,,35,,1,,1,,-76.0,dBm,2453,°C,6247,A,33.997,,-117.879,,0,,0,,0,,0,,0,,0,,0,,0,,0,,0,,0,,0,,0,,0,,0,,0,
32,Robot S6,a21a2fc7f6bbacccb54e0e26ac920e36,30189374_ROBOT_S6.1_PVS_USA,2022-05-11 20:51:16,1,,0,,0,,0,,0,,1033,,1031,,2405,,5020,,33,g/5m,55,h,1041,h,16409,A,19138,A,5331,A,0,,0,,0,,3252,°C,2704,°C,2946,°C,0,,0,,223,V,165,V,2461412,m,1,,0,,270,,171,,63,,0,,0,,8,,643,Ah,14,hours,0,,0,,5,,1,,1,,1,,1,,1,,70,,15,,69,,80,,30000,,0,,440,,0,,30000,,0,,9000,,0,,200,,0,,30000,,0,,0,,2350,,2,,1,,0,,1,,60,,20,,1,,1,,0,,210,,2,,10,,0,,0,,0,,302,,0,,555,,142,,1450,,20229,m,16,,431,h,11900,,35,,35,,35,,300,,35,,1,,1,,-76.0,dBm,2526,°C,6247,A,33.997,,-117.879,,0,,0,,0,,0,,0,,0,,0,,0,,0,,0,,0,,0,,0,,0,,0,,0,
33,Robot S6,a21a2fc7f6bbacccb54e0e26ac920e36,30189374_ROBOT_S6.1_PVS_USA,2022-05-11 20:53:47,1,,0,,0,,0,,0,,1033,,1031,,2405,,5020,,33,g/5m,55,h,1041,h,16409,A,19138,A,5331,A,0,,0,,0,,3362,°C,2765,°C,3006,°C,0,,0,,223,V,165,V,2461412,m,1,,0,,270,,171,,63,,0,,0,,8,,643,Ah,14,hours,0,,0,,5,,1,,1,,1,,1,,1,,70,,15,,69,,80,,30000,,0,,440,,0,,30000,,0,,9000,,0,,200,,0,,30000,,0,,0,,2350,,2,,1,,0,,1,,60,,20,,1,,1,,0,,210,,2,,10,,0,,0,,0,,302,,0,,555,,142,,1450,,20229,m,9,,431,h,11901,,35,,35,,35,,300,,35,,1,,1,,-76.0,dBm,2562,°C,6247,A,33.997,,-117.879,,0,,0,,0,,0,,0,,0,,0,,0,,0,,0,,0,,0,,0,,0,,0,,0,
34,Robot S6,a21a2fc7f6bbacccb54e0e26ac920e36,30189374_ROBOT_S6.1_PVS_USA,2022-05-11 20:56:18,1,,0,,0,,0,,0,,1033,,1031,,2405,,5020,,33,g/5m,55,h,1041,h,16409,A,19138,A,5331,A,0,,0,,0,,3463,°C,2772,°C,3045,°C,0,,0,,223,V,165,V,2461412,m,1,,0,,270,,171,,63,,0,,0,,8,,643,Ah,14,hours,0,,0,,5,,1,,1,,1,,1,,1,,70,,15,,69,,80,,30000,,0,,440,,0,,30000,,0,,9000,,0,,200,,0,,30000,,0,,0,,2350,,2,,1,,0,,1,,60,,20,,1,,1,,0,,210,,2,,10,,0,,0,,0,,302,,0,,555,,142,,1451,,20230,m,9,,431,h,11902,,35,,35,,35,,300,,35,,1,,1,,-74.0,dBm,2590,°C,6247,A,33.997,,-117.879,,0,,0,,0,,0,,0,,0,,0,,0,,0,,0,,0,,0,,0,,0,,0,,0,
35,Robot S6,a21a2fc7f6bbacccb54e0e26ac920e36,30189374_ROBOT_S6.1_PVS_USA,2022-05-11 20:57:55,1,,0,,0,,0,,0,,1033,,1031,,2405,,5020,,33,g/5m,55,h,1041,h,16409,A,19138,A,5331,A,0,,0,,0,,3562,°C,2825,°C,3113,°C,0,,0,,223,V,165,V,2461412,m,1,,0,,270,,171,,63,,0,,0,,8,,643,Ah,14,hours,0,,0,,5,,1,,1,,1,,1,,1,,70,,15,,69,,80,,30000,,0,,440,,0,,30000,,0,,9000,,0,,200,,0,,30000,,0,,0,,2350,,2,,1,,0,,1,,60,,20,,1,,1,,0,,210,,2,,10,,0,,0,,0,,302,,0,,555,,142,,1451,,20231,m,9,,431,h,11903,,35,,35,,35,,300,,35,,1,,1,,-74.0,dBm,2624,°C,6247,A,33.997,,-117.879,,0,,0,,0,,0,,0,,0,,0,,0,,0,,0,,0,,0,,0,,0,,0,,0,
36,Robot S6,a21a2fc7f6bbacccb54e0e26ac920e36,30189374_ROBOT_S6.1_PVS_USA,2022-05-11 21:01:29,1,,0,,0,,0,,0,,1033,,1031,,2405,,5020,,33,g/5m,55,h,1041,h,16409,A,19138,A,8514,A,0,,0,,0,,3644,°C,2925,°C,3190,°C,0,,0,,223,V,165,V,2461412,m,1,,0,,270,,171,,63,,0,,0,,8,,643,Ah,14,hours,0,,0,,5,,1,,1,,1,,1,,1,,70,,15,,69,,80,,30000,,0,,440,,0,,30000,,0,,9000,,0,,200,,0,,30000,,0,,0,,2350,,2,,1,,0,,1,,60,,20,,1,,1,,0,,210,,2,,10,,0,,0,,0,,302,,0,,555,,142,,1452,,20232,m,15,,431,h,11904,,35,,35,,35,,300,,35,,1,,1,,-72.0,dBm,2669,°C,6247,A,33.997,,-117.879,,0,,0,,0,,0,,0,,0,,0,,0,,0,,0,,0,,0,,0,,0,,0,,0,
37,Robot S6,a21a2fc7f6bbacccb54e0e26ac920e36,30189374_ROBOT_S6.1_PVS_USA,2022-05-11 21:03:16,1,,0,,0,,0,,0,,1033,,1031,,2405,,5020,,33,g/5m,55,h,1041,h,20153,A,19138,A,8514,A,0,,0,,0,,3714,°C,2925,°C,3200,°C,0,,0,,223,V,165,V,2461416,m,1,,0,,270,,171,,63,,0,,0,,8,,643,Ah,14,hours,0,,0,,5,,1,,1,,1,,1,,1,,70,,15,,69,,80,,30000,,0,,440,,0,,30000,,0,,9000,,0,,200,,0,,30000,,0,,0,,2350,,2,,1,,0,,1,,60,,20,,1,,1,,0,,210,,2,,10,,0,,0,,0,,302,,0,,555,,142,,1452,,20233,m,7,,431,h,11905,,35,,35,,35,,300,,35,,1,,1,,-74.0,dBm,2685,°C,6247,A,33.997,,-117.879,,0,,0,,0,,0,,0,,0,,0,,0,,0,,0,,0,,0,,0,,0,,0,,0,
38,Robot S6,a21a2fc7f6bbacccb54e0e26ac920e36,30189374_ROBOT_S6.1_PVS_USA,2022-05-11 22:23:23,1,,0,,0,,0,,0,,1033,,1031,,2405,,5020,,33,g/5m,55,h,1041,h,16010,A,18792,A,4614,A,0,,0,,0,,2939,°C,2556,°C,2740,°C,0,,0,,223,V,165,V,2461417,m,1,,0,,271,,171,,64,,0,,0,,8,,682,Ah,12,hours,0,,0,,5,,1,,1,,1,,1,,1,,70,,15,,69,,80,,30000,,0,,440,,0,,30000,,0,,9000,,0,,200,,0,,30000,,0,,0,,2350,,2,,1,,0,,1,,60,,20,,1,,1,,0,,210,,2,,10,,0,,0,,0,,302,,0,,555,,142,,1452,,20233,m,16,,431,h,11907,,35,,35,,35,,300,,35,,1,,1,,-78.0,dBm,2485,°C,6054,A,33.997,,-117.879,,0,,0,,0,,0,,0,,0,,0,,0,,0,,0,,0,,0,,0,,0,,0,,0,
39,Robot S6,a21a2fc7f6bbacccb54e0e26ac920e36,30189374_ROBOT_S6.1_PVS_USA,2022-05-11 22:38:36,1,,0,,0,,0,,0,,1033,,1031,,2405,,5020,,33,g/5m,55,h,1042,h,16570,A,18792,A,4614,A,0,,0,,0,,3183,°C,2774,°C,2911,°C,0,,0,,223,V,165,V,2461417,m,1,,0,,271,,171,,64,,0,,0,,8,,682,Ah,12,hours,0,,0,,5,,1,,1,,1,,1,,1,,70,,15,,69,,80,,30000,,0,,440,,0,,30000,,0,,9000,,0,,200,,0,,30000,,0,,0,,2350,,2,,1,,0,,1,,60,,20,,1,,1,,0,,210,,2,,10,,0,,0,,0,,302,,0,,555,,142,,1452,,20234,m,11,,431,h,11908,,35,,35,,35,,300,,35,,1,,1,,-72.0,dBm,2646,°C,6054,A,34.004,,-117.843,,0,,0,,0,,0,,0,,0,,0,,0,,0,,0,,0,,0,,0,,0,,0,,0,
40,Robot S6,a21a2fc7f6bbacccb54e0e26ac920e36,30189374_ROBOT_S6.1_PVS_USA,2022-05-21 15:11:28,1,,0,,0,,0,,0,,1033,,1031,,2405,,5020,,33,g/5m,55,h,1042,h,12016,A,136,A,162,A,0,,0,,0,,1979,°C,1895,°C,1948,°C,0,,0,,188,V,165,V,2461417,m,1,,0,,272,,171,,65,,0,,0,,8,,572,Ah,13,hours,0,,0,,5,,1,,1,,1,,1,,1,,70,,15,,69,,80,,30000,,0,,440,,0,,30000,,0,,9000,,0,,200,,0,,30000,,0,,0,,2350,,2,,1,,0,,1,,60,,20,,1,,1,,0,,210,,2,,10,,0,,0,,0,,302,,0,,555,,142,,1452,,20234,m,0,,431,h,11908,,35,,35,,35,,300,,35,,1,,1,,,,1932,°C,88,A,33.998,,-117.856,,0,,0,,0,,0,,0,,0,,0,,0,,0,,0,,0,,0,,0,,0,,0,,0,
